,device_id,received_at,sensorlocation,minimumwinddirection,averagewinddirection,maximumwinddirection,minimumwindspeed,averagewindspeed,gustwindspeed,airtemperature,relativehumidity,atmosphericpressure,pm25,pm10,noise,latitude,longitude
1,ICTMicroclimate-09,2024-06-01T00:04:35+00:00,SkyFarm (Jeff's Shed). Rooftop - Melbourne Conference & Exhibition Centre (MCEC),0,4,359,0,0.3,1.9,10.2,74.4,1024.1,2,6,62.6,-37.8223306,144.9521696
2,ICTMicroclimate-06,2024-06-01T00:05:55+00:00,Tram Stop 7B - Melbourne Tennis Centre Precinct - Rod Laver Arena,0,280,359,0,0.5,2.1,10.7,71,1025.3,2,4,65.1,-37.8194993,144.9787211
3,ICTMicroclimate-03,2024-06-01T00:07:23+00:00,CH1 rooftop,179,213,235,0.5,1,1.5,10.1,82.6,1019.7,6,8,70.7,-37.8140348,144.96728
4,ICTMicroclimate-07,2024-06-01T00:07:38+00:00,Tram Stop 7C - Melbourne Tennis Centre Precinct - Rod Laver Arena,0,137,352,0,0.8,2.7,10.9,70.8,1027.3,2,2,63,-37.8222341,144.9829409
5,ICTMicroclimate-08,2024-06-01T00:11:42+00:00,Swanston St - Tram Stop 13 adjacent Federation Sq & Flinders St Station,0,275,353,0,1,2.4,10.8,70.8,1025.3,3,3,71.8,-37.8184515,144.9678474
6,ICTMicroclimate-02,2024-06-01T00:13:50+00:00,101 Collins St L11 Rooftop,0,338,349,0,0.4,1,10.9,80.4,1020.6,9,11,71.6,-37.814604,144.9702991
7,ICTMicroclimate-09,2024-06-01T00:19:38+00:00,SkyFarm (Jeff's Shed). Rooftop - Melbourne Conference & Exhibition Centre (MCEC),0,276,359,0,0.8,2.2,10.4,74.8,1024.1,2,6,69.6,-37.8223306,144.9521696
8,ICTMicroclimate-06,2024-06-01T00:20:57+00:00,Tram Stop 7B - Melbourne Tennis Centre Precinct - Rod Laver Arena,0,269,356,0,0.4,2.3,11.3,73.4,1025.3,2,4,55.7,-37.8194993,144.9787211
9,ICTMicroclimate-03,2024-06-01T00:22:26+00:00,CH1 rooftop,196,191,222,1,0.9,1.7,10.4,84.3,1019.6,5,7,71.2,-37.8140348,144.96728
10,ICTMicroclimate-07,2024-06-01T00:22:41+00:00,Tram Stop 7C - Melbourne Tennis Centre Precinct - Rod Laver Arena,0,325,354,0,0.3,1.8,11,73.4,1027.1,2,2,64.1,-37.8222341,144.9829409
11,ICTMicroclimate-08,2024-06-01T00:26:39+00:00,Swanston St - Tram Stop 13 adjacent Federation Sq & Flinders St Station,0,312,356,0,1,2.6,10.7,75.8,1025.1,3,3,71.1,-37.8184515,144.9678474
12,ICTMicroclimate-02,2024-06-01T00:28:53+00:00,101 Collins St L11 Rooftop,0,3,345,0,0.4,1.1,11.3,82.4,1020.5,6,8,72.9,-37.814604,144.9702991
13,ICTMicroclimate-09,2024-06-01T00:34:40+00:00,SkyFarm (Jeff's Shed). Rooftop - Melbourne Conference & Exhibition Centre (MCEC),0,358,359,0,0.5,1.9,10.5,75.1,1023.9,2,6,65.8,-37.8223306,144.9521696
14,ICTMicroclimate-06,2024-06-01T00:35:58+00:00,Tram Stop 7B - Melbourne Tennis Centre Precinct - Rod Laver Arena,0,61,349,0,0.4,1.5,11.3,73.3,1025.1,2,4,59.8,-37.8194993,144.9787211
15,ICTMicroclimate-03,2024-06-01T00:37:27+00:00,CH1 rooftop,0,82,179,0,0.3,0.9,10.8,87.6,1019.6,7,9,76.9,-37.8140348,144.96728
16,ICTMicroclimate-07,2024-06-01T00:37:42+00:00,Tram Stop 7C - Melbourne Tennis Centre Precinct - Rod Laver Arena,0,353,358,0,0.2,1.4,10.8,74.9,1027.1,2,2,73.3,-37.8222341,144.9829409
17,ICTMicroclimate-08,2024-06-01T00:41:48+00:00,Swanston St - Tram Stop 13 adjacent Federation Sq & Flinders St Station,0,102,354,0,0.5,1.8,11.2,75.4,1025.1,3,3,69.6,-37.8184515,144.9678474
18,ICTMicroclimate-02,2024-06-01T00:43:54+00:00,101 Collins St L11 Rooftop,341,7,341,0.1,0.2,0.2,11.1,85.5,1020.4,5,9,70.9,-37.814604,144.9702991
19,ICTMicroclimate-09,2024-06-01T00:49:42+00:00,SkyFarm (Jeff's Shed). Rooftop - Melbourne Conference & Exhibition Centre (MCEC),0,236,359,0,1.6,3.1,10.7,75.4,1024.1,2,6,75,-37.8223306,144.9521696
20,ICTMicroclimate-06,2024-06-01T00:51:00+00:00,Tram Stop 7B - Melbourne Tennis Centre Precinct - Rod Laver Arena,0,223,341,0,1,2.7,11.4,74,1025.3,2,4,74.5,-37.8194993,144.9787211
21,ICTMicroclimate-03,2024-06-01T00:52:29+00:00,CH1 rooftop,149,190,227,0.4,1.7,2.9,11.1,83.2,1019.6,7,9,71.5,-37.8140348,144.96728
22,ICTMicroclimate-07,2024-06-01T00:52:45+00:00,Tram Stop 7C - Melbourne Tennis Centre Precinct - Rod Laver Arena,0,176,353,0,1,2,11.5,74.3,1027.1,2,2,77,-37.8222341,144.9829409
23,ICTMicroclimate-08,2024-06-01T00:56:47+00:00,Swanston St - Tram Stop 13 adjacent Federation Sq & Flinders St Station,0,181,223,0,2.6,4,11,74.1,1025.3,3,3,76.1,-37.8184515,144.9678474
24,ICTMicroclimate-02,2024-06-01T00:58:56+00:00,101 Collins St L11 Rooftop,0,33,353,0,0.3,0.6,11.6,83.9,1020.5,6,8,72.7,-37.814604,144.9702991
25,ICTMicroclimate-09,2024-06-01T01:04:44+00:00,SkyFarm (Jeff's Shed). Rooftop - Melbourne Conference & Exhibition Centre (MCEC),0,252,358,0,1.5,2.9,10.7,76.2,1023.9,2,6,65.1,-37.8223306,144.9521696
26,ICTMicroclimate-06,2024-06-01T01:06:03+00:00,Tram Stop 7B - Melbourne Tennis Centre Precinct - Rod Laver Arena,0,208,351,0,0.6,3.4,11.3,77.2,1024.9,2,4,54.8,-37.8194993,144.9787211
27,ICTMicroclimate-03,2024-06-01T01:07:30+00:00,CH1 rooftop,177,182,207,1.3,1.6,1.9,10.9,85.3,1019.4,5,10,70.6,-37.8140348,144.96728
28,ICTMicroclimate-07,2024-06-01T01:07:47+00:00,Tram Stop 7C - Melbourne Tennis Centre Precinct - Rod Laver Arena,0,326,355,0,0.6,2.4,11.4,77.4,1026.9,2,2,63.4,-37.8222341,144.9829409
29,ICTMicroclimate-08,2024-06-01T01:11:50+00:00,Swanston St - Tram Stop 13 adjacent Federation Sq & Flinders St Station,0,274,354,0,1,3,11.1,74.9,1024.9,3,3,69.4,-37.8184515,144.9678474
30,ICTMicroclimate-02,2024-06-01T01:13:58+00:00,101 Collins St L11 Rooftop,45,105,132,0.3,1.1,2.2,11.6,82.8,1020.2,6,8,71,-37.814604,144.9702991
31,ICTMicroclimate-09,2024-06-01T01:19:45+00:00,SkyFarm (Jeff's Shed). Rooftop - Melbourne Conference & Exhibition Centre (MCEC),0,14,358,0,0.7,2.2,11,75.4,1023.7,2,6,66.1,-37.8223306,144.9521696
32,ICTMicroclimate-06,2024-06-01T01:21:04+00:00,Tram Stop 7B - Melbourne Tennis Centre Precinct - Rod Laver Arena,0,216,357,0,1.4,4,11.3,76,1024.9,2,4,63.1,-37.8194993,144.9787211
33,ICTMicroclimate-03,2024-06-01T01:22:33+00:00,CH1 rooftop,148,169,186,0.4,1.4,2.1,10.8,86.5,1019.3,5,7,69.9,-37.8140348,144.96728
34,ICTMicroclimate-07,2024-06-01T01:22:49+00:00,Tram Stop 7C - Melbourne Tennis Centre Precinct - Rod Laver Arena,0,281,354,0,0.6,1.9,11.5,76.3,1026.7,2,2,60,-37.8222341,144.9829409
35,ICTMicroclimate-08,2024-06-01T01:26:57+00:00,Swanston St - Tram Stop 13 adjacent Federation Sq & Flinders St Station,0,303,358,0,1,2.8,11.7,72.6,1024.7,3,3,67.6,-37.8184515,144.9678474
36,ICTMicroclimate-02,2024-06-01T01:29:01+00:00,101 Collins St L11 Rooftop,0,328,343,0,0.4,1.2,11.6,84.1,1020,4,6,72.8,-37.814604,144.9702991
37,ICTMicroclimate-09,2024-06-01T01:34:48+00:00,SkyFarm (Jeff's Shed). Rooftop - Melbourne Conference & Exhibition Centre (MCEC),0,331,359,0,0.5,2.4,11.2,73.9,1023.5,2,6,60.6,-37.8223306,144.9521696
38,ICTMicroclimate-06,2024-06-01T01:36:06+00:00,Tram Stop 7B - Melbourne Tennis Centre Precinct - Rod Laver Arena,0,235,353,0,1.3,4.6,12.4,71.6,1024.7,2,4,58.7,-37.8194993,144.9787211
39,ICTMicroclimate-03,2024-06-01T01:37:35+00:00,CH1 rooftop,149,167,186,1.4,2.2,2.9,10.9,84.9,1019,5,7,70.1,-37.8140348,144.96728
40,ICTMicroclimate-07,2024-06-01T01:37:51+00:00,Tram Stop 7C - Melbourne Tennis Centre Precinct - Rod Laver Arena,0,129,359,0,0.5,3.2,13.2,68.3,1026.5,2,2,62.6,-37.8222341,144.9829409
41,ICTMicroclimate-08,2024-06-01T01:41:51+00:00,Swanston St - Tram Stop 13 adjacent Federation Sq & Flinders St Station,0,336,359,0,0.9,3.6,13.3,65.8,1024.5,5,6,68.2,-37.8184515,144.9678474
42,ICTMicroclimate-02,2024-06-01T01:44:03+00:00,101 Collins St L11 Rooftop,100,133,276,0.3,1.5,3,11.4,83.3,1020,7,14,69.4,-37.814604,144.9702991
43,ICTMicroclimate-09,2024-06-01T01:49:50+00:00,SkyFarm (Jeff's Shed). Rooftop - Melbourne Conference & Exhibition Centre (MCEC),0,266,358,0,1.1,3.4,11.6,73.7,1023.5,2,6,65.5,-37.8223306,144.9521696
44,ICTMicroclimate-06,2024-06-01T01:51:08+00:00,Tram Stop 7B - Melbourne Tennis Centre Precinct - Rod Laver Arena,0,206,359,0,1.2,5.3,13,67.1,1024.5,2,4,63.1,-37.8194993,144.9787211
45,ICTMicroclimate-03,2024-06-01T01:52:37+00:00,CH1 rooftop,133,185,209,1.1,1.6,2,11.3,81.8,1019,5,7,70.4,-37.8140348,144.96728
46,ICTMicroclimate-07,2024-06-01T01:52:52+00:00,Tram Stop 7C - Melbourne Tennis Centre Precinct - Rod Laver Arena,0,161,357,0,1.1,2.4,13.3,67.2,1026.3,2,2,62.9,-37.8222341,144.9829409
47,ICTMicroclimate-08,2024-06-01T01:56:54+00:00,Swanston St - Tram Stop 13 adjacent Federation Sq & Flinders St Station,0,179,357,0,2.8,4.3,13.1,64.6,1024.3,5,6,93.2,-37.8184515,144.9678474
48,ICTMicroclimate-02,2024-06-01T01:59:04+00:00,101 Collins St L11 Rooftop,0,299,343,0,0.6,1.6,11.8,81.3,1019.8,6,11,71.6,-37.814604,144.9702991
49,ICTMicroclimate-09,2024-06-01T02:04:52+00:00,SkyFarm (Jeff's Shed). Rooftop - Melbourne Conference & Exhibition Centre (MCEC),0,249,356,0,1.2,4,12.1,69.5,1023.1,2,6,64.4,-37.8223306,144.9521696
50,ICTMicroclimate-06,2024-06-01T02:06:10+00:00,Tram Stop 7B - Melbourne Tennis Centre Precinct - Rod Laver Arena,0,338,353,0,0.5,4,12.7,68.2,1024.3,2,2,79.8,-37.8194993,144.9787211
51,ICTMicroclimate-03,2024-06-01T02:07:40+00:00,CH1 rooftop,0,265,315,0,0.7,1.8,11.9,79.6,1018.8,5,7,70.4,-37.8140348,144.96728
52,ICTMicroclimate-07,2024-06-01T02:07:54+00:00,Tram Stop 7C - Melbourne Tennis Centre Precinct - Rod Laver Arena,0,111,357,0,0.5,2.8,13.3,66.4,1026.1,2,2,78.2,-37.8222341,144.9829409
53,ICTMicroclimate-08,2024-06-01T02:11:54+00:00,Swanston St - Tram Stop 13 adjacent Federation Sq & Flinders St Station,0,292,354,0,0.6,3.6,12.8,64.9,1024.1,5,6,71.1,-37.8184515,144.9678474
54,ICTMicroclimate-02,2024-06-01T02:14:06+00:00,101 Collins St L11 Rooftop,0,46,359,0,0.3,1,12.4,76.3,1019.7,7,10,71.4,-37.814604,144.9702991
55,ICTMicroclimate-09,2024-06-01T02:19:53+00:00,SkyFarm (Jeff's Shed). Rooftop - Melbourne Conference & Exhibition Centre (MCEC),0,221,357,0,0.9,3.2,12.2,69.2,1023.1,2,6,61.3,-37.8223306,144.9521696
56,ICTMicroclimate-06,2024-06-01T02:21:13+00:00,Tram Stop 7B - Melbourne Tennis Centre Precinct - Rod Laver Arena,0,259,352,0,0.5,3.3,13.2,65.8,1024.3,2,2,52.5,-37.8194993,144.9787211
57,ICTMicroclimate-03,2024-06-01T02:22:41+00:00,CH1 rooftop,0,296,0,0,0.3,0,11.9,77,1018.7,3,5,70,-37.8140348,144.96728
58,ICTMicroclimate-07,2024-06-01T02:22:57+00:00,Tram Stop 7C - Melbourne Tennis Centre Precinct - Rod Laver Arena,0,23,314,0,0.2,2.2,13.4,64.8,1026.1,2,2,63.5,-37.8222341,144.9829409
59,ICTMicroclimate-08,2024-06-01T02:26:56+00:00,Swanston St - Tram Stop 13 adjacent Federation Sq & Flinders St Station,0,295,356,0,0.7,2.7,13.5,63.7,1024.1,5,6,70.3,-37.8184515,144.9678474
60,ICTMicroclimate-02,2024-06-01T02:29:09+00:00,101 Collins St L11 Rooftop,0,128,149,0,1.1,1.2,12.6,74.3,1019.5,3,5,70.1,-37.814604,144.9702991
61,ICTMicroclimate-09,2024-06-01T02:34:56+00:00,SkyFarm (Jeff's Shed). Rooftop - Melbourne Conference & Exhibition Centre (MCEC),0,268,359,0,0.9,3.3,12.5,69.6,1022.9,2,6,71.9,-37.8223306,144.9521696
62,ICTMicroclimate-06,2024-06-01T02:36:15+00:00,Tram Stop 7B - Melbourne Tennis Centre Precinct - Rod Laver Arena,0,188,354,0,1.8,3.8,13.3,65.8,1024.1,2,2,57.4,-37.8194993,144.9787211
63,ICTMicroclimate-03,2024-06-01T02:37:43+00:00,CH1 rooftop,154,192,219,0.7,1.7,2.9,11.9,77.4,1018.6,5,7,71,-37.8140348,144.96728
64,ICTMicroclimate-07,2024-06-01T02:37:58+00:00,Tram Stop 7C - Melbourne Tennis Centre Precinct - Rod Laver Arena,0,185,353,0,0.7,2.6,13.2,67.1,1025.9,2,2,69.8,-37.8222341,144.9829409
65,ICTMicroclimate-08,2024-06-01T02:42:00+00:00,Swanston St - Tram Stop 13 adjacent Federation Sq & Flinders St Station,0,237,357,0,1.1,2.8,13.7,63.3,1023.9,5,6,70.8,-37.8184515,144.9678474
66,ICTMicroclimate-02,2024-06-01T02:44:11+00:00,101 Collins St L11 Rooftop,148,270,327,0.3,0.8,2.4,12.8,75.2,1019.3,4,7,69.7,-37.814604,144.9702991
67,ICTMicroclimate-09,2024-06-01T02:49:58+00:00,SkyFarm (Jeff's Shed). Rooftop - Melbourne Conference & Exhibition Centre (MCEC),0,282,359,0,0.7,6.5,12.7,71,1022.7,2,6,64.2,-37.8223306,144.9521696
68,ICTMicroclimate-06,2024-06-01T02:51:16+00:00,Tram Stop 7B - Melbourne Tennis Centre Precinct - Rod Laver Arena,0,186,358,0,1.3,7.1,13.3,67.4,1023.9,2,2,78.6,-37.8194993,144.9787211
69,ICTMicroclimate-03,2024-06-01T02:52:45+00:00,CH1 rooftop,151,171,179,1,1.8,1.8,11.9,78.3,1018.5,3,6,70.8,-37.8140348,144.96728
70,ICTMicroclimate-07,2024-06-01T02:53:01+00:00,Tram Stop 7C - Melbourne Tennis Centre Precinct - Rod Laver Arena,0,297,356,0,0.6,2.7,13.4,67.1,1025.9,2,2,64,-37.8222341,144.9829409
71,ICTMicroclimate-08,2024-06-01T02:57:03+00:00,Swanston St - Tram Stop 13 adjacent Federation Sq & Flinders St Station,0,341,357,0,0.7,3.6,14.1,65.3,1023.7,5,6,71.9,-37.8184515,144.9678474
72,ICTMicroclimate-02,2024-06-01T02:59:13+00:00,101 Collins St L11 Rooftop,64,108,196,0.3,0.9,1.4,12.6,78.1,1019.3,4,8,69.4,-37.814604,144.9702991
73,ICTMicroclimate-09,2024-06-01T03:05:01+00:00,SkyFarm (Jeff's Shed). Rooftop - Melbourne Conference & Exhibition Centre (MCEC),0,355,358,0,0.5,5,12.6,74.3,1022.7,2,6,71,-37.8223306,144.9521696
74,ICTMicroclimate-06,2024-06-01T03:06:19+00:00,Tram Stop 7B - Melbourne Tennis Centre Precinct - Rod Laver Arena,0,231,356,0,1.2,5.1,13.1,71.6,1023.9,2,2,80.6,-37.8194993,144.9787211
75,ICTMicroclimate-03,2024-06-01T03:07:47+00:00,CH1 rooftop,166,187,245,1.6,2.1,3.9,12.1,84,1018.5,5,8,71,-37.8140348,144.96728
76,ICTMicroclimate-07,2024-06-01T03:08:02+00:00,Tram Stop 7C - Melbourne Tennis Centre Precinct - Rod Laver Arena,0,305,355,0,1.8,3.8,13.6,70.3,1025.7,2,2,85.4,-37.8222341,144.9829409
77,ICTMicroclimate-08,2024-06-01T03:12:05+00:00,Swanston St - Tram Stop 13 adjacent Federation Sq & Flinders St Station,0,174,355,0,1.9,4,13.7,69.3,1023.9,5,6,81,-37.8184515,144.9678474
78,ICTMicroclimate-02,2024-06-01T03:14:16+00:00,101 Collins St L11 Rooftop,65,307,356,0.2,1.2,2.1,12.6,84.8,1019.3,3,7,71.3,-37.814604,144.9702991
79,ICTMicroclimate-09,2024-06-01T03:20:02+00:00,SkyFarm (Jeff's Shed). Rooftop - Melbourne Conference & Exhibition Centre (MCEC),0,290,359,0,0.9,4.9,12,77.7,1022.7,2,6,63.1,-37.8223306,144.9521696
80,ICTMicroclimate-06,2024-06-01T03:21:20+00:00,Tram Stop 7B - Melbourne Tennis Centre Precinct - Rod Laver Arena,0,178,357,0,1.1,5.2,13,72.6,1023.9,2,2,56.5,-37.8194993,144.9787211
81,ICTMicroclimate-03,2024-06-01T03:22:49+00:00,CH1 rooftop,179,213,249,0.8,2.4,3.5,11.8,85.9,1018.2,1,3,80.8,-37.8140348,144.96728
82,ICTMicroclimate-07,2024-06-01T03:23:05+00:00,Tram Stop 7C - Melbourne Tennis Centre Precinct - Rod Laver Arena,0,169,358,0,0.7,3.6,13.4,71.5,1025.7,2,2,64.7,-37.8222341,144.9829409
83,ICTMicroclimate-08,2024-06-01T03:27:06+00:00,Swanston St - Tram Stop 13 adjacent Federation Sq & Flinders St Station,0,255,356,0,1.1,3.1,13.5,70.2,1023.7,5,6,83.1,-37.8184515,144.9678474
84,ICTMicroclimate-02,2024-06-01T03:29:17+00:00,101 Collins St L11 Rooftop,22,289,352,0.3,1,1.2,12.6,82.9,1019.1,3,7,70.2,-37.814604,144.9702991
85,ICTMicroclimate-09,2024-06-01T03:35:04+00:00,SkyFarm (Jeff's Shed). Rooftop - Melbourne Conference & Exhibition Centre (MCEC),0,8,357,0,0.7,3.8,12.4,76.5,1022.5,1,2,69.9,-37.8223306,144.9521696
86,ICTMicroclimate-06,2024-06-01T03:36:22+00:00,Tram Stop 7B - Melbourne Tennis Centre Precinct - Rod Laver Arena,0,219,357,0,1.4,5.4,13.2,70.9,1023.7,2,2,59.6,-37.8194993,144.9787211
87,ICTMicroclimate-03,2024-06-01T03:37:50+00:00,CH1 rooftop,160,192,262,0.5,1.2,1.5,11.9,86.4,1018.3,1,3,70.1,-37.8140348,144.96728
88,ICTMicroclimate-07,2024-06-01T03:38:07+00:00,Tram Stop 7C - Melbourne Tennis Centre Precinct - Rod Laver Arena,0,226,357,0,0.9,3.1,13.6,70.9,1025.7,2,2,63.6,-37.8222341,144.9829409
89,ICTMicroclimate-08,2024-06-01T03:42:12+00:00,Swanston St - Tram Stop 13 adjacent Federation Sq & Flinders St Station,0,0,357,0,0,3.3,13.4,70.7,1023.5,5,6,72.1,-37.8184515,144.9678474
90,ICTMicroclimate-02,2024-06-01T03:44:19+00:00,101 Collins St L11 Rooftop,0,64,341,0,0.6,1.4,13.1,81.3,1019.1,4,6,70.1,-37.814604,144.9702991
91,ICTMicroclimate-09,2024-06-01T03:50:06+00:00,SkyFarm (Jeff's Shed). Rooftop - Melbourne Conference & Exhibition Centre (MCEC),0,251,356,0,1.2,3.9,12.4,75.3,1022.5,1,2,66.3,-37.8223306,144.9521696
92,ICTMicroclimate-06,2024-06-01T03:51:24+00:00,Tram Stop 7B - Melbourne Tennis Centre Precinct - Rod Laver Arena,0,216,356,0,2.6,5.2,13.2,71.9,1023.7,2,2,77.1,-37.8194993,144.9787211
93,ICTMicroclimate-03,2024-06-01T03:52:53+00:00,CH1 rooftop,0,219,314,0,0.8,2.2,12.3,84.1,1018.2,2,6,70.1,-37.8140348,144.96728
94,ICTMicroclimate-07,2024-06-01T03:53:09+00:00,Tram Stop 7C - Melbourne Tennis Centre Precinct - Rod Laver Arena,0,140,359,0,0.9,3.4,13.5,72.5,1025.5,2,2,65.8,-37.8222341,144.9829409
95,ICTMicroclimate-02,2024-06-01T03:59:21+00:00,101 Collins St L11 Rooftop,0,354,358,0,0.3,1,13.1,81.3,1018.9,2,4,70.1,-37.814604,144.9702991
96,ICTMicroclimate-09,2024-06-01T04:05:08+00:00,SkyFarm (Jeff's Shed). Rooftop - Melbourne Conference & Exhibition Centre (MCEC),0,237,359,0,1.3,3.1,13.1,70.2,1022.3,1,2,60.8,-37.8223306,144.9521696
97,ICTMicroclimate-06,2024-06-01T04:06:26+00:00,Tram Stop 7B - Melbourne Tennis Centre Precinct - Rod Laver Arena,0,74,356,0,0.5,6,13.7,70.5,1023.5,2,2,64.8,-37.8194993,144.9787211
98,ICTMicroclimate-03,2024-06-01T04:07:55+00:00,CH1 rooftop,145,172,174,1.3,1,2,12.5,82.6,1018.1,5,8,70.1,-37.8140348,144.96728
99,ICTMicroclimate-07,2024-06-01T04:08:11+00:00,Tram Stop 7C - Melbourne Tennis Centre Precinct - Rod Laver Arena,0,310,356,0,0.3,2.9,14.7,65.8,1025.3,2,2,78.5,-37.8222341,144.9829409
100,ICTMicroclimate-08,2024-06-01T04:12:13+00:00,Swanston St - Tram Stop 13 adjacent Federation Sq & Flinders St Station,0,324,353,0,1,2.3,14.8,63.7,1023.3,1,3,73.8,-37.8184515,144.9678474
101,ICTMicroclimate-08,2024-06-01T04:12:14+00:00,Swanston St - Tram Stop 13 adjacent Federation Sq & Flinders St Station,0,270,354,0,0.8,2.8,13.4,71.1,1023.5,1,3,72.1,-37.8184515,144.9678474
102,ICTMicroclimate-02,2024-06-01T04:14:23+00:00,101 Collins St L11 Rooftop,0,310,341,0,0.5,0.9,13.6,74.5,1018.9,3,7,69.9,-37.814604,144.9702991
103,ICTMicroclimate-09,2024-06-01T04:20:09+00:00,SkyFarm (Jeff's Shed). Rooftop - Melbourne Conference & Exhibition Centre (MCEC),0,262,358,0,0.9,5.3,13.4,65.6,1022.3,1,2,60.2,-37.8223306,144.9521696
104,ICTMicroclimate-06,2024-06-01T04:21:28+00:00,Tram Stop 7B - Melbourne Tennis Centre Precinct - Rod Laver Arena,0,198,356,0,1.5,6.6,14.2,63.4,1023.5,2,2,69.1,-37.8194993,144.9787211
105,ICTMicroclimate-03,2024-06-01T04:22:58+00:00,CH1 rooftop,178,194,229,1.2,2,3.9,13.2,73.3,1018.1,4,6,82.1,-37.8140348,144.96728
106,ICTMicroclimate-07,2024-06-01T04:23:13+00:00,Tram Stop 7C - Melbourne Tennis Centre Precinct - Rod Laver Arena,0,221,358,0,1.3,3.5,14.8,62.6,1025.3,2,2,66.7,-37.8222341,144.9829409
107,ICTMicroclimate-08,2024-06-01T04:27:14+00:00,Swanston St - Tram Stop 13 adjacent Federation Sq & Flinders St Station,0,195,358,0,1,2.5,15,60.1,1023.3,1,3,68.2,-37.8184515,144.9678474
108,ICTMicroclimate-02,2024-06-01T04:29:24+00:00,101 Collins St L11 Rooftop,0,287,325,0,0.7,2.3,13.6,73.6,1019,9,13,74.9,-37.814604,144.9702991
109,ICTMicroclimate-09,2024-06-01T04:35:11+00:00,SkyFarm (Jeff's Shed). Rooftop - Melbourne Conference & Exhibition Centre (MCEC),0,262,355,0,1.3,3.5,14,64.6,1022.3,1,2,65,-37.8223306,144.9521696
110,ICTMicroclimate-06,2024-06-01T04:36:30+00:00,Tram Stop 7B - Melbourne Tennis Centre Precinct - Rod Laver Arena,0,217,356,0,2.1,5.6,14.6,62.3,1023.5,2,2,55.3,-37.8194993,144.9787211
111,ICTMicroclimate-03,2024-06-01T04:38:00+00:00,CH1 rooftop,211,188,257,0.8,1.8,1,13.2,72.9,1018.1,4,6,71.7,-37.8140348,144.96728
112,ICTMicroclimate-07,2024-06-01T04:38:20+00:00,Tram Stop 7C - Melbourne Tennis Centre Precinct - Rod Laver Arena,0,189,353,0,0.5,3.1,15.2,60.2,1025.5,2,2,64,-37.8222341,144.9829409
113,ICTMicroclimate-08,2024-06-01T04:42:18+00:00,Swanston St - Tram Stop 13 adjacent Federation Sq & Flinders St Station,0,313,359,0,0.3,3.8,14.5,61.2,1023.5,1,3,71.9,-37.8184515,144.9678474
114,ICTMicroclimate-08,2024-06-01T04:42:29+00:00,Swanston St - Tram Stop 13 adjacent Federation Sq & Flinders St Station,0,313,359,0,0.3,3.8,14.5,61.2,1023.5,1,3,71.9,-37.8184515,144.9678474
115,ICTMicroclimate-02,2024-06-01T04:44:27+00:00,101 Collins St L11 Rooftop,0,30,352,0,0.4,1,13.6,73.1,1019.1,6,9,69.9,-37.814604,144.9702991
116,ICTMicroclimate-09,2024-06-01T04:50:14+00:00,SkyFarm (Jeff's Shed). Rooftop - Melbourne Conference & Exhibition Centre (MCEC),0,254,357,0,2.3,5.1,14.1,64.4,1022.3,1,2,65.4,-37.8223306,144.9521696
117,ICTMicroclimate-06,2024-06-01T04:51:32+00:00,Tram Stop 7B - Melbourne Tennis Centre Precinct - Rod Laver Arena,0,174,355,0,1.8,6.7,14.4,62.8,1023.7,2,2,68.6,-37.8194993,144.9787211
118,ICTMicroclimate-03,2024-06-01T04:53:00+00:00,CH1 rooftop,149,178,182,1.7,2.6,3.5,13.2,73.3,1018.2,2,5,71.7,-37.8140348,144.96728
119,ICTMicroclimate-07,2024-06-01T04:53:16+00:00,Tram Stop 7C - Melbourne Tennis Centre Precinct - Rod Laver Arena,0,185,349,0,0.8,4.5,15.4,60.1,1025.5,2,2,66.6,-37.8222341,144.9829409
120,ICTMicroclimate-08,2024-06-01T04:57:18+00:00,Swanston St - Tram Stop 13 adjacent Federation Sq & Flinders St Station,0,172,352,0,3.8,6.7,13.9,64.5,1023.5,1,3,99.8,-37.8184515,144.9678474
121,ICTMicroclimate-02,2024-06-01T04:59:29+00:00,101 Collins St L11 Rooftop,0,70,343,0,0.9,0.9,13.6,74.9,1019.2,3,5,69.7,-37.814604,144.9702991
122,ICTMicroclimate-09,2024-06-01T05:05:15+00:00,SkyFarm (Jeff's Shed). Rooftop - Melbourne Conference & Exhibition Centre (MCEC),0,242,359,0,1.7,5.5,13.2,69.1,1022.7,1,2,62.8,-37.8223306,144.9521696
123,ICTMicroclimate-06,2024-06-01T05:06:35+00:00,Tram Stop 7B - Melbourne Tennis Centre Precinct - Rod Laver Arena,0,178,358,0,1.7,6,14.4,65.1,1023.9,2,2,56,-37.8194993,144.9787211
124,ICTMicroclimate-03,2024-06-01T05:08:02+00:00,CH1 rooftop,139,184,253,0.8,1.6,2.8,13.2,75.6,1018.4,4,6,70.4,-37.8140348,144.96728
125,ICTMicroclimate-07,2024-06-01T05:08:19+00:00,Tram Stop 7C - Melbourne Tennis Centre Precinct - Rod Laver Arena,0,175,355,0,1.9,4.3,15,63.1,1025.7,2,2,69,-37.8222341,144.9829409
126,ICTMicroclimate-08,2024-06-01T05:12:20+00:00,Swanston St - Tram Stop 13 adjacent Federation Sq & Flinders St Station,0,152,314,0,1,6.2,14.1,66.1,1023.9,1,3,75.1,-37.8184515,144.9678474
127,ICTMicroclimate-02,2024-06-01T05:14:31+00:00,101 Collins St L11 Rooftop,0,33,357,0,1,2.6,13.6,77,1019.4,4,7,69.4,-37.814604,144.9702991
128,ICTMicroclimate-09,2024-06-01T05:20:18+00:00,SkyFarm (Jeff's Shed). Rooftop - Melbourne Conference & Exhibition Centre (MCEC),0,318,357,0,0.8,6.8,13,71.9,1022.9,1,2,63,-37.8223306,144.9521696
129,ICTMicroclimate-06,2024-06-01T05:21:37+00:00,Tram Stop 7B - Melbourne Tennis Centre Precinct - Rod Laver Arena,0,171,358,0,2.1,6.2,14.3,67.7,1024.1,2,2,76.5,-37.8194993,144.9787211
130,ICTMicroclimate-03,2024-06-01T05:23:05+00:00,CH1 rooftop,179,190,179,3,3,3,13.1,79.1,1018.6,3,5,73.8,-37.8140348,144.96728
131,ICTMicroclimate-07,2024-06-01T05:23:20+00:00,Tram Stop 7C - Melbourne Tennis Centre Precinct - Rod Laver Arena,0,177,357,0,1.6,5,15.5,63.4,1025.9,2,2,69.5,-37.8222341,144.9829409
132,ICTMicroclimate-08,2024-06-01T05:27:21+00:00,Swanston St - Tram Stop 13 adjacent Federation Sq & Flinders St Station,0,305,356,0,1.5,4.6,14.8,64.9,1023.9,1,3,68.4,-37.8184515,144.9678474
133,ICTMicroclimate-02,2024-06-01T05:29:32+00:00,101 Collins St L11 Rooftop,0,151,314,0,0.7,1.4,13.6,77.4,1019.5,4,9,70.2,-37.814604,144.9702991
134,ICTMicroclimate-09,2024-06-01T05:35:20+00:00,SkyFarm (Jeff's Shed). Rooftop - Melbourne Conference & Exhibition Centre (MCEC),0,320,359,0,0.6,6.2,13.3,70.1,1023.1,1,2,63.9,-37.8223306,144.9521696
135,ICTMicroclimate-06,2024-06-01T05:36:39+00:00,Tram Stop 7B - Melbourne Tennis Centre Precinct - Rod Laver Arena,0,199,359,0,2.2,8,14.2,67.2,1024.1,2,2,79.3,-37.8194993,144.9787211
136,ICTMicroclimate-03,2024-06-01T05:38:08+00:00,CH1 rooftop,124,170,223,0.3,2.2,4.2,13.1,79.6,1018.6,3,5,76,-37.8140348,144.96728
137,ICTMicroclimate-07,2024-06-01T05:38:22+00:00,Tram Stop 7C - Melbourne Tennis Centre Precinct - Rod Laver Arena,0,100,356,0,0.5,4.2,14.4,66.6,1026.1,2,2,66.2,-37.8222341,144.9829409
138,ICTMicroclimate-08,2024-06-01T05:42:24+00:00,Swanston St - Tram Stop 13 adjacent Federation Sq & Flinders St Station,0,212,356,0,0.7,4.5,14.7,64.6,1024.1,1,3,66.8,-37.8184515,144.9678474
139,ICTMicroclimate-02,2024-06-01T05:44:35+00:00,101 Collins St L11 Rooftop,234,290,288,0.6,1.2,1.1,13.6,77.2,1019.6,3,5,70.3,-37.814604,144.9702991
140,ICTMicroclimate-09,2024-06-01T05:50:22+00:00,SkyFarm (Jeff's Shed). Rooftop - Melbourne Conference & Exhibition Centre (MCEC),0,300,356,0,0.9,5.3,13.3,70.3,1023.1,1,2,60.8,-37.8223306,144.9521696
141,ICTMicroclimate-06,2024-06-01T05:51:40+00:00,Tram Stop 7B - Melbourne Tennis Centre Precinct - Rod Laver Arena,0,200,356,0,2.5,7.1,13.7,68.3,1024.5,2,2,80,-37.8194993,144.9787211
142,ICTMicroclimate-03,2024-06-01T05:53:09+00:00,CH1 rooftop,137,177,179,1,1.3,1.5,13.1,78,1018.9,4,6,70.4,-37.8140348,144.96728
143,ICTMicroclimate-07,2024-06-01T05:53:25+00:00,Tram Stop 7C - Melbourne Tennis Centre Precinct - Rod Laver Arena,0,313,349,0,0.6,3.9,14.1,66.2,1026.3,2,2,62.2,-37.8222341,144.9829409
144,ICTMicroclimate-02,2024-06-01T05:59:37+00:00,101 Collins St L11 Rooftop,150,281,340,0.1,1.4,3.3,13.4,76,1019.8,6,8,59.7,-37.814604,144.9702991
145,ICTMicroclimate-09,2024-06-01T06:05:24+00:00,SkyFarm (Jeff's Shed). Rooftop - Melbourne Conference & Exhibition Centre (MCEC),0,260,359,0,1.4,5.1,13,71.4,1023.5,1,2,62.7,-37.8223306,144.9521696
146,ICTMicroclimate-06,2024-06-01T06:06:42+00:00,Tram Stop 7B - Melbourne Tennis Centre Precinct - Rod Laver Arena,0,167,355,0,1.1,4.2,13.5,68.6,1024.7,2,2,58.2,-37.8194993,144.9787211
147,ICTMicroclimate-03,2024-06-01T06:08:11+00:00,CH1 rooftop,0,157,288,0,0.8,1.4,12.9,78.6,1019.2,2,5,70.2,-37.8140348,144.96728
148,ICTMicroclimate-07,2024-06-01T06:08:27+00:00,Tram Stop 7C - Melbourne Tennis Centre Precinct - Rod Laver Arena,0,126,355,0,0.7,2.8,14.1,62.1,1026.7,2,2,68.6,-37.8222341,144.9829409
149,ICTMicroclimate-08,2024-06-01T06:12:28+00:00,Swanston St - Tram Stop 13 adjacent Federation Sq & Flinders St Station,0,158,314,0,1.1,5.8,13.7,66.9,1024.7,1,3,70.9,-37.8184515,144.9678474
150,ICTMicroclimate-08,2024-06-01T06:12:28+00:00,Swanston St - Tram Stop 13 adjacent Federation Sq & Flinders St Station,0,180,355,0,2.2,6.2,13.6,66.9,1024.5,1,3,73.7,-37.8184515,144.9678474
151,ICTMicroclimate-02,2024-06-01T06:14:38+00:00,101 Collins St L11 Rooftop,0,358,345,0.1,0.7,1.5,13.6,75.9,1020.1,8,10,70.4,-37.814604,144.9702991
152,ICTMicroclimate-09,2024-06-01T06:20:26+00:00,SkyFarm (Jeff's Shed). Rooftop - Melbourne Conference & Exhibition Centre (MCEC),0,246,359,0,1.9,4.1,13.2,66.5,1023.7,1,2,60.3,-37.8223306,144.9521696
153,ICTMicroclimate-06,2024-06-01T06:21:44+00:00,Tram Stop 7B - Melbourne Tennis Centre Precinct - Rod Laver Arena,0,251,358,0,0.8,3.5,13.7,61,1024.9,2,2,62.1,-37.8194993,144.9787211
154,ICTMicroclimate-03,2024-06-01T06:23:14+00:00,CH1 rooftop,135,162,202,0.9,2.5,4.2,13.1,77.5,1019.3,1,3,70.7,-37.8140348,144.96728
155,ICTMicroclimate-07,2024-06-01T06:23:29+00:00,Tram Stop 7C - Melbourne Tennis Centre Precinct - Rod Laver Arena,0,179,358,0,0.6,4,14,60,1026.7,0,0,68.8,-37.8222341,144.9829409
156,ICTMicroclimate-08,2024-06-01T06:27:31+00:00,Swanston St - Tram Stop 13 adjacent Federation Sq & Flinders St Station,0,180,354,0,1.3,6.7,13.8,61.7,1024.9,1,3,76.8,-37.8184515,144.9678474
157,ICTMicroclimate-02,2024-06-01T06:29:41+00:00,101 Collins St L11 Rooftop,0,313,357,0.2,1.8,4.9,13.9,70.7,1020.3,6,10,69.6,-37.814604,144.9702991
158,ICTMicroclimate-09,2024-06-01T06:35:28+00:00,SkyFarm (Jeff's Shed). Rooftop - Melbourne Conference & Exhibition Centre (MCEC),0,227,358,0,2.7,5.9,13.3,64.7,1023.7,1,2,60.9,-37.8223306,144.9521696
159,ICTMicroclimate-06,2024-06-01T06:36:46+00:00,Tram Stop 7B - Melbourne Tennis Centre Precinct - Rod Laver Arena,0,196,359,0,1.6,4.2,13.7,62.9,1024.9,2,2,72.7,-37.8194993,144.9787211
160,ICTMicroclimate-03,2024-06-01T06:38:15+00:00,CH1 rooftop,140,159,183,2.3,3.9,4.9,12.9,71.8,1019.6,3,5,76.9,-37.8140348,144.96728
161,ICTMicroclimate-07,2024-06-01T06:38:31+00:00,Tram Stop 7C - Melbourne Tennis Centre Precinct - Rod Laver Arena,0,177,358,0,0.6,2.4,13.9,61.8,1026.9,0,0,74.8,-37.8222341,144.9829409
162,ICTMicroclimate-08,2024-06-01T06:42:29+00:00,Swanston St - Tram Stop 13 adjacent Federation Sq & Flinders St Station,0,180,314,0,2.5,5.9,13.6,63.6,1025.1,1,3,73.2,-37.8184515,144.9678474
163,ICTMicroclimate-02,2024-06-01T06:44:43+00:00,101 Collins St L11 Rooftop,0,340,346,0,0.6,0.8,13.7,69.1,1020.5,9,12,69.5,-37.814604,144.9702991
164,ICTMicroclimate-09,2024-06-01T06:50:29+00:00,SkyFarm (Jeff's Shed). Rooftop - Melbourne Conference & Exhibition Centre (MCEC),0,268,351,0,1.5,4.3,13.3,65.5,1024.1,1,2,60.5,-37.8223306,144.9521696
165,ICTMicroclimate-06,2024-06-01T06:51:48+00:00,Tram Stop 7B - Melbourne Tennis Centre Precinct - Rod Laver Arena,0,210,359,0,0.8,5,13.6,63.9,1025.3,2,2,68.3,-37.8194993,144.9787211
166,ICTMicroclimate-03,2024-06-01T06:53:17+00:00,CH1 rooftop,132,170,210,1,2.5,3.9,12.9,72.3,1019.7,2,4,76.6,-37.8140348,144.96728
167,ICTMicroclimate-07,2024-06-01T06:53:32+00:00,Tram Stop 7C - Melbourne Tennis Centre Precinct - Rod Laver Arena,0,180,359,0,0.5,2.5,14.1,63.1,1027.1,0,0,69.2,-37.8222341,144.9829409
168,ICTMicroclimate-02,2024-06-01T06:59:45+00:00,101 Collins St L11 Rooftop,257,293,352,0.6,1.8,4,13.7,70.5,1020.7,1,3,69.7,-37.814604,144.9702991
169,ICTMicroclimate-09,2024-06-01T07:05:31+00:00,SkyFarm (Jeff's Shed). Rooftop - Melbourne Conference & Exhibition Centre (MCEC),0,335,356,0,0.7,4.5,13.3,64.3,1024.1,1,2,63.8,-37.8223306,144.9521696
170,ICTMicroclimate-06,2024-06-01T07:06:50+00:00,Tram Stop 7B - Melbourne Tennis Centre Precinct - Rod Laver Arena,0,170,358,0,1.3,5,13.4,65.8,1025.5,2,2,82.3,-37.8194993,144.9787211
171,ICTMicroclimate-03,2024-06-01T07:08:20+00:00,CH1 rooftop,205,182,220,2.7,2.6,3.8,13.1,71.3,1019.8,1,3,80,-37.8140348,144.96728
172,ICTMicroclimate-07,2024-06-01T07:08:35+00:00,Tram Stop 7C - Melbourne Tennis Centre Precinct - Rod Laver Arena,0,178,359,0,1,2.8,13.6,64.8,1027.3,0,0,61.4,-37.8222341,144.9829409
173,ICTMicroclimate-08,2024-06-01T07:12:38+00:00,Swanston St - Tram Stop 13 adjacent Federation Sq & Flinders St Station,0,189,349,0,2.2,5.3,13.8,61.9,1025.3,1,3,82.2,-37.8184515,144.9678474
174,ICTMicroclimate-08,2024-06-01T07:12:39+00:00,Swanston St - Tram Stop 13 adjacent Federation Sq & Flinders St Station,0,178,314,0,1.9,5.2,13.7,62.9,1025.3,1,3,76.5,-37.8184515,144.9678474
175,ICTMicroclimate-02,2024-06-01T07:14:46+00:00,101 Collins St L11 Rooftop,0,18,314,0,0.3,1,13.7,69,1020.7,7,11,69.5,-37.814604,144.9702991
176,ICTMicroclimate-09,2024-06-01T07:20:34+00:00,SkyFarm (Jeff's Shed). Rooftop - Melbourne Conference & Exhibition Centre (MCEC),0,317,358,0,0.8,2.1,13.3,63.6,1024.3,1,2,61.7,-37.8223306,144.9521696
177,ICTMicroclimate-06,2024-06-01T07:21:52+00:00,Tram Stop 7B - Melbourne Tennis Centre Precinct - Rod Laver Arena,0,125,352,0,1,4.1,13.1,64,1025.5,2,2,59.6,-37.8194993,144.9787211
178,ICTMicroclimate-03,2024-06-01T07:23:28+00:00,CH1 rooftop,155,190,201,1,1.9,2.7,12.9,71.5,1019.9,4,6,70.4,-37.8140348,144.96728
179,ICTMicroclimate-07,2024-06-01T07:23:37+00:00,Tram Stop 7C - Melbourne Tennis Centre Precinct - Rod Laver Arena,0,73,352,0,0.3,2.1,13.3,64.4,1027.5,0,0,59.9,-37.8222341,144.9829409
180,ICTMicroclimate-08,2024-06-01T07:27:42+00:00,Swanston St - Tram Stop 13 adjacent Federation Sq & Flinders St Station,0,348,352,0,0.3,3.1,13.6,62.4,1025.5,1,3,73.5,-37.8184515,144.9678474
181,ICTMicroclimate-02,2024-06-01T07:29:50+00:00,101 Collins St L11 Rooftop,0,130,292,0,0.5,0.3,13.4,69.3,1020.8,10,13,69.9,-37.814604,144.9702991
182,ICTMicroclimate-09,2024-06-01T07:35:36+00:00,SkyFarm (Jeff's Shed). Rooftop - Melbourne Conference & Exhibition Centre (MCEC),0,337,359,0,0.4,2.2,13,64.6,1024.3,4,5,61.6,-37.8223306,144.9521696
183,ICTMicroclimate-06,2024-06-01T07:36:55+00:00,Tram Stop 7B - Melbourne Tennis Centre Precinct - Rod Laver Arena,0,172,354,0,1,4.2,13,66.2,1025.7,2,2,69.3,-37.8194993,144.9787211
184,ICTMicroclimate-03,2024-06-01T07:38:23+00:00,CH1 rooftop,178,199,223,1.4,2.5,3.3,12.8,72.4,1020.1,5,8,74.5,-37.8140348,144.96728
185,ICTMicroclimate-07,2024-06-01T07:38:38+00:00,Tram Stop 7C - Melbourne Tennis Centre Precinct - Rod Laver Arena,0,143,355,0,0.2,2.2,13,66.2,1027.5,0,0,67.7,-37.8222341,144.9829409
186,ICTMicroclimate-08,2024-06-01T07:42:43+00:00,Swanston St - Tram Stop 13 adjacent Federation Sq & Flinders St Station,0,147,352,0,1,2.7,13.3,63.5,1025.7,1,3,71.3,-37.8184515,144.9678474
187,ICTMicroclimate-02,2024-06-01T07:44:50+00:00,101 Collins St L11 Rooftop,0,301,347,0,0.7,1.4,13.4,70.8,1021,16,18,71.4,-37.814604,144.9702991
188,ICTMicroclimate-09,2024-06-01T07:50:38+00:00,SkyFarm (Jeff's Shed). Rooftop - Melbourne Conference & Exhibition Centre (MCEC),0,328,359,0,0.7,2.1,12.7,66.2,1024.7,4,5,61.1,-37.8223306,144.9521696
189,ICTMicroclimate-06,2024-06-01T07:51:56+00:00,Tram Stop 7B - Melbourne Tennis Centre Precinct - Rod Laver Arena,0,4,358,0,0.2,2.7,12.5,68.5,1025.9,2,2,61.1,-37.8194993,144.9787211
190,ICTMicroclimate-03,2024-06-01T07:53:25+00:00,CH1 rooftop,179,179,210,1.7,1.7,3.2,12.6,74.4,1020.2,5,7,76.9,-37.8140348,144.96728
191,ICTMicroclimate-07,2024-06-01T07:53:40+00:00,Tram Stop 7C - Melbourne Tennis Centre Precinct - Rod Laver Arena,0,163,322,0,0.2,1.9,12.7,67.6,1027.7,0,0,61.3,-37.8222341,144.9829409
192,ICTMicroclimate-08,2024-06-01T07:57:44+00:00,Swanston St - Tram Stop 13 adjacent Federation Sq & Flinders St Station,0,123,352,0,1,2.5,13.1,64.7,1025.7,1,3,71.7,-37.8184515,144.9678474
193,ICTMicroclimate-02,2024-06-01T07:59:53+00:00,101 Collins St L11 Rooftop,0,73,349,0,0.5,1.2,13.1,71,1021.1,8,10,69.5,-37.814604,144.9702991
194,ICTMicroclimate-09,2024-06-01T08:05:40+00:00,SkyFarm (Jeff's Shed). Rooftop - Melbourne Conference & Exhibition Centre (MCEC),0,351,359,0,0.5,2.1,12.6,65.4,1024.7,4,5,62.1,-37.8223306,144.9521696
195,ICTMicroclimate-06,2024-06-01T08:06:58+00:00,Tram Stop 7B - Melbourne Tennis Centre Precinct - Rod Laver Arena,0,24,349,0,0.2,2.6,12.3,68.4,1025.9,2,2,57.8,-37.8194993,144.9787211
196,ICTMicroclimate-03,2024-06-01T08:08:27+00:00,CH1 rooftop,145,185,214,1.4,2.1,3.5,12.4,72.7,1020.4,10,13,71.2,-37.8140348,144.96728
197,ICTMicroclimate-07,2024-06-01T08:08:42+00:00,Tram Stop 7C - Melbourne Tennis Centre Precinct - Rod Laver Arena,0,136,356,0,0.4,3.1,12.4,66.4,1027.9,0,0,59.7,-37.8222341,144.9829409
198,ICTMicroclimate-08,2024-06-01T08:12:42+00:00,Swanston St - Tram Stop 13 adjacent Federation Sq & Flinders St Station,0,177,359,0,1.5,4.6,12.9,63.2,1026.1,1,3,69.8,-37.8184515,144.9678474
199,ICTMicroclimate-02,2024-06-01T08:14:54+00:00,101 Collins St L11 Rooftop,90,152,126,0.8,1,1.2,13.1,69.5,1021.4,18,20,69.4,-37.814604,144.9702991
200,ICTMicroclimate-09,2024-06-01T08:20:42+00:00,SkyFarm (Jeff's Shed). Rooftop - Melbourne Conference & Exhibition Centre (MCEC),0,337,357,0,0.4,2.7,12.5,64.7,1024.9,4,5,60.5,-37.8223306,144.9521696
201,ICTMicroclimate-06,2024-06-01T08:22:00+00:00,Tram Stop 7B - Melbourne Tennis Centre Precinct - Rod Laver Arena,0,292,357,0,0.4,2.4,12.1,67.8,1026.1,2,2,59.7,-37.8194993,144.9787211
202,ICTMicroclimate-03,2024-06-01T08:23:30+00:00,CH1 rooftop,179,176,201,1.9,2.1,2.5,12.4,72.1,1020.7,8,10,72.6,-37.8140348,144.96728
203,ICTMicroclimate-07,2024-06-01T08:23:45+00:00,Tram Stop 7C - Melbourne Tennis Centre Precinct - Rod Laver Arena,0,32,341,0,0.1,2.3,12.3,66.7,1028.1,0,0,85,-37.8222341,144.9829409
204,ICTMicroclimate-08,2024-06-01T08:27:46+00:00,Swanston St - Tram Stop 13 adjacent Federation Sq & Flinders St Station,0,189,351,0,0.4,3.1,12.9,63,1026.1,1,3,71.1,-37.8184515,144.9678474
205,ICTMicroclimate-02,2024-06-01T08:29:56+00:00,101 Collins St L11 Rooftop,0,359,353,0,0.4,1,12.9,69.6,1021.5,14,22,69.8,-37.814604,144.9702991
206,ICTMicroclimate-09,2024-06-01T08:35:44+00:00,SkyFarm (Jeff's Shed). Rooftop - Melbourne Conference & Exhibition Centre (MCEC),0,16,359,0,0.4,2.6,12.5,64.6,1025.1,4,5,60.1,-37.8223306,144.9521696
207,ICTMicroclimate-06,2024-06-01T08:37:03+00:00,Tram Stop 7B - Melbourne Tennis Centre Precinct - Rod Laver Arena,0,300,358,0,0.4,3.3,12.1,67.3,1026.3,2,2,62.2,-37.8194993,144.9787211
208,ICTMicroclimate-03,2024-06-01T08:38:31+00:00,CH1 rooftop,164,189,214,1.8,2.5,3.6,12.3,72.4,1020.7,7,12,80,-37.8140348,144.96728
209,ICTMicroclimate-07,2024-06-01T08:38:47+00:00,Tram Stop 7C - Melbourne Tennis Centre Precinct - Rod Laver Arena,0,0,347,0,0,2.4,12.2,67,1028.3,0,0,66.3,-37.8222341,144.9829409
210,ICTMicroclimate-08,2024-06-01T08:42:48+00:00,Swanston St - Tram Stop 13 adjacent Federation Sq & Flinders St Station,0,129,353,0,0.4,2.9,12.8,63.2,1026.3,1,3,72.9,-37.8184515,144.9678474
211,ICTMicroclimate-02,2024-06-01T08:44:58+00:00,101 Collins St L11 Rooftop,0,31,355,0,0.4,1.2,12.9,69.8,1021.7,14,16,69.8,-37.814604,144.9702991
212,ICTMicroclimate-09,2024-06-01T08:50:45+00:00,SkyFarm (Jeff's Shed). Rooftop - Melbourne Conference & Exhibition Centre (MCEC),0,24,359,0,0.7,2.3,12.4,64.9,1025.1,4,5,59.7,-37.8223306,144.9521696
213,ICTMicroclimate-06,2024-06-01T08:52:04+00:00,Tram Stop 7B - Melbourne Tennis Centre Precinct - Rod Laver Arena,0,169,354,0,0.9,2.3,11.9,68.2,1026.5,2,2,64.8,-37.8194993,144.9787211
214,ICTMicroclimate-03,2024-06-01T08:53:33+00:00,CH1 rooftop,179,203,179,1.4,2,2.1,12.3,72.3,1020.8,10,14,72.6,-37.8140348,144.96728
215,ICTMicroclimate-07,2024-06-01T08:53:49+00:00,Tram Stop 7C - Melbourne Tennis Centre Precinct - Rod Laver Arena,0,103,355,0,0.4,3,12.3,66.6,1028.5,0,0,75.2,-37.8222341,144.9829409
216,ICTMicroclimate-08,2024-06-01T08:57:49+00:00,Swanston St - Tram Stop 13 adjacent Federation Sq & Flinders St Station,0,83,355,0,0.5,3,12.4,65,1026.5,1,3,70.7,-37.8184515,144.9678474
217,ICTMicroclimate-02,2024-06-01T09:00:02+00:00,101 Collins St L11 Rooftop,0,263,341,0,0.8,2.8,12.6,72.9,1021.7,16,19,69.9,-37.814604,144.9702991
218,ICTMicroclimate-09,2024-06-01T09:05:47+00:00,SkyFarm (Jeff's Shed). Rooftop - Melbourne Conference & Exhibition Centre (MCEC),0,263,359,0,0.9,3.5,12.2,67.8,1025.3,4,5,61.4,-37.8223306,144.9521696
219,ICTMicroclimate-06,2024-06-01T09:07:07+00:00,Tram Stop 7B - Melbourne Tennis Centre Precinct - Rod Laver Arena,0,276,347,0,0.4,1.6,11.7,70.1,1026.5,2,2,79.5,-37.8194993,144.9787211
220,ICTMicroclimate-03,2024-06-01T09:08:35+00:00,CH1 rooftop,164,188,219,1.5,2.3,3.1,11.8,77.4,1020.9,13,15,73.3,-37.8140348,144.96728
221,ICTMicroclimate-07,2024-06-01T09:08:51+00:00,Tram Stop 7C - Melbourne Tennis Centre Precinct - Rod Laver Arena,0,82,359,0,0.4,3.3,12,69.1,1028.5,0,0,67.9,-37.8222341,144.9829409
222,ICTMicroclimate-08,2024-06-01T09:12:51+00:00,Swanston St - Tram Stop 13 adjacent Federation Sq & Flinders St Station,0,153,346,0,1,3.9,12,68.2,1026.5,1,3,73.5,-37.8184515,144.9678474
223,ICTMicroclimate-02,2024-06-01T09:15:03+00:00,101 Collins St L11 Rooftop,0,99,341,0,0.5,1.3,12.3,75.9,1021.8,20,24,69.6,-37.814604,144.9702991
224,ICTMicroclimate-09,2024-06-01T09:20:50+00:00,SkyFarm (Jeff's Shed). Rooftop - Melbourne Conference & Exhibition Centre (MCEC),0,290,359,0,0.7,4.3,11.7,69.3,1025.3,4,5,59,-37.8223306,144.9521696
225,ICTMicroclimate-06,2024-06-01T09:22:08+00:00,Tram Stop 7B - Melbourne Tennis Centre Precinct - Rod Laver Arena,0,165,355,0,0.4,3.1,11.5,70.9,1026.7,2,2,57.6,-37.8194993,144.9787211
226,ICTMicroclimate-03,2024-06-01T09:23:37+00:00,CH1 rooftop,179,201,225,1.1,2,2.7,11.3,79.3,1020.9,9,12,71,-37.8140348,144.96728
227,ICTMicroclimate-07,2024-06-01T09:23:53+00:00,Tram Stop 7C - Melbourne Tennis Centre Precinct - Rod Laver Arena,0,123,343,0,0.5,1.8,11.7,69.5,1028.5,0,0,72.9,-37.8222341,144.9829409
228,ICTMicroclimate-08,2024-06-01T09:27:55+00:00,Swanston St - Tram Stop 13 adjacent Federation Sq & Flinders St Station,0,140,314,0,1.3,3.5,11.7,69,1026.5,1,3,75.8,-37.8184515,144.9678474
229,ICTMicroclimate-02,2024-06-01T09:30:05+00:00,101 Collins St L11 Rooftop,0,255,314,0,0.9,2.3,12.1,76,1021.9,14,19,70.1,-37.814604,144.9702991
230,ICTMicroclimate-09,2024-06-01T09:35:51+00:00,SkyFarm (Jeff's Shed). Rooftop - Melbourne Conference & Exhibition Centre (MCEC),0,311,358,0,0.4,3.2,11.5,69.1,1025.3,4,5,57.6,-37.8223306,144.9521696
231,ICTMicroclimate-06,2024-06-01T09:37:10+00:00,Tram Stop 7B - Melbourne Tennis Centre Precinct - Rod Laver Arena,0,39,358,0,0.4,3.2,11.2,71.5,1026.5,2,2,54.9,-37.8194993,144.9787211
232,ICTMicroclimate-03,2024-06-01T09:38:40+00:00,CH1 rooftop,189,209,228,1.3,1.9,2.4,11.1,79.7,1020.9,9,11,72.9,-37.8140348,144.96728
233,ICTMicroclimate-07,2024-06-01T09:38:55+00:00,Tram Stop 7C - Melbourne Tennis Centre Precinct - Rod Laver Arena,0,98,346,0,0.4,2.5,11.5,69.9,1028.5,6,6,61.9,-37.8222341,144.9829409
234,ICTMicroclimate-08,2024-06-01T09:42:58+00:00,Swanston St - Tram Stop 13 adjacent Federation Sq & Flinders St Station,0,56,341,0,0.6,3.2,11.4,69.5,1026.5,5,5,70.9,-37.8184515,144.9678474
235,ICTMicroclimate-02,2024-06-01T09:45:08+00:00,101 Collins St L11 Rooftop,0,312,356,0,1.2,3.5,11.8,76.3,1021.9,17,21,69,-37.814604,144.9702991
236,ICTMicroclimate-09,2024-06-01T09:50:54+00:00,SkyFarm (Jeff's Shed). Rooftop - Melbourne Conference & Exhibition Centre (MCEC),0,280,358,0,0.9,2.9,11.3,70.1,1025.5,4,5,61.2,-37.8223306,144.9521696
237,ICTMicroclimate-06,2024-06-01T09:52:12+00:00,Tram Stop 7B - Melbourne Tennis Centre Precinct - Rod Laver Arena,0,282,353,0,0.5,2.6,10.9,72.7,1026.7,2,2,66.8,-37.8194993,144.9787211
238,ICTMicroclimate-03,2024-06-01T09:53:42+00:00,CH1 rooftop,166,205,239,0.6,1.6,2.5,11,80.6,1020.9,11,14,69.7,-37.8140348,144.96728
239,ICTMicroclimate-07,2024-06-01T09:53:57+00:00,Tram Stop 7C - Melbourne Tennis Centre Precinct - Rod Laver Arena,0,88,359,0,0.4,2.2,11.2,70.8,1028.7,6,6,71.8,-37.8222341,144.9829409
240,ICTMicroclimate-08,2024-06-01T09:57:59+00:00,Swanston St - Tram Stop 13 adjacent Federation Sq & Flinders St Station,0,151,351,0,0.8,3.5,11.3,70.5,1026.7,5,5,69.5,-37.8184515,144.9678474
241,ICTMicroclimate-02,2024-06-01T10:00:10+00:00,101 Collins St L11 Rooftop,129,250,223,0.2,0.7,1.2,11.6,77.3,1021.9,18,21,70,-37.814604,144.9702991
242,ICTMicroclimate-09,2024-06-01T10:05:56+00:00,SkyFarm (Jeff's Shed). Rooftop - Melbourne Conference & Exhibition Centre (MCEC),0,264,358,0,1,2.7,11.2,70,1025.5,4,5,58.8,-37.8223306,144.9521696
243,ICTMicroclimate-06,2024-06-01T10:07:14+00:00,Tram Stop 7B - Melbourne Tennis Centre Precinct - Rod Laver Arena,0,359,356,0,0.1,2.1,10.7,73.6,1026.7,2,2,58.8,-37.8194993,144.9787211
244,ICTMicroclimate-03,2024-06-01T10:08:43+00:00,CH1 rooftop,179,197,200,2.6,2.1,3,10.8,81.5,1021,25,28,75.6,-37.8140348,144.96728
245,ICTMicroclimate-07,2024-06-01T10:08:58+00:00,Tram Stop 7C - Melbourne Tennis Centre Precinct - Rod Laver Arena,0,31,341,0,0.2,1.5,11.1,71.3,1028.7,6,6,61.3,-37.8222341,144.9829409
246,ICTMicroclimate-08,2024-06-01T10:12:59+00:00,Swanston St - Tram Stop 13 adjacent Federation Sq & Flinders St Station,0,151,343,0,1.7,4.3,11.2,70.7,1026.7,5,5,77.3,-37.8184515,144.9678474
247,ICTMicroclimate-02,2024-06-01T10:15:13+00:00,101 Collins St L11 Rooftop,10,308,357,0.5,1.4,3.5,11.6,77.3,1022,11,13,76,-37.814604,144.9702991
248,ICTMicroclimate-09,2024-06-01T10:20:58+00:00,SkyFarm (Jeff's Shed). Rooftop - Melbourne Conference & Exhibition Centre (MCEC),0,329,359,0,0.4,4,11.3,69.9,1025.7,4,5,59.8,-37.8223306,144.9521696
249,ICTMicroclimate-06,2024-06-01T10:22:16+00:00,Tram Stop 7B - Melbourne Tennis Centre Precinct - Rod Laver Arena,0,61,353,0,0.4,2.8,10.8,73.1,1026.9,2,2,79.5,-37.8194993,144.9787211
250,ICTMicroclimate-03,2024-06-01T10:23:44+00:00,CH1 rooftop,168,198,221,1.3,2,3.6,10.8,81.3,1021.2,11,13,70.2,-37.8140348,144.96728
251,ICTMicroclimate-07,2024-06-01T10:24:00+00:00,Tram Stop 7C - Melbourne Tennis Centre Precinct - Rod Laver Arena,0,131,347,0,0.7,2.3,11.1,71.7,1028.9,6,6,73.3,-37.8222341,144.9829409
252,ICTMicroclimate-08,2024-06-01T10:28:01+00:00,Swanston St - Tram Stop 13 adjacent Federation Sq & Flinders St Station,0,163,352,0,1.5,4.7,11.1,70.7,1026.9,5,5,77.6,-37.8184515,144.9678474
253,ICTMicroclimate-02,2024-06-01T10:30:13+00:00,101 Collins St L11 Rooftop,0,8,359,0,1,2.1,11.4,78.4,1022.2,10,12,70.2,-37.814604,144.9702991
254,ICTMicroclimate-09,2024-06-01T10:36:00+00:00,SkyFarm (Jeff's Shed). Rooftop - Melbourne Conference & Exhibition Centre (MCEC),0,1,356,0,0.5,2.8,11.1,71.1,1025.7,4,5,60,-37.8223306,144.9521696
255,ICTMicroclimate-06,2024-06-01T10:37:19+00:00,Tram Stop 7B - Melbourne Tennis Centre Precinct - Rod Laver Arena,0,10,353,0,0.6,2.6,10.8,73,1026.9,2,2,56.1,-37.8194993,144.9787211
256,ICTMicroclimate-03,2024-06-01T10:38:47+00:00,CH1 rooftop,179,199,229,1,1.5,2.4,10.8,81.7,1021.2,13,15,70.9,-37.8140348,144.96728
257,ICTMicroclimate-07,2024-06-01T10:39:02+00:00,Tram Stop 7C - Melbourne Tennis Centre Precinct - Rod Laver Arena,0,117,341,0,0.7,2.4,10.9,71.8,1028.9,6,6,61.4,-37.8222341,144.9829409
258,ICTMicroclimate-08,2024-06-01T10:43:02+00:00,Swanston St - Tram Stop 13 adjacent Federation Sq & Flinders St Station,0,157,341,0,1.2,3.8,11,70.9,1026.9,5,5,72.7,-37.8184515,144.9678474
259,ICTMicroclimate-02,2024-06-01T10:45:17+00:00,101 Collins St L11 Rooftop,0,358,356,0.4,0.7,0.8,11.3,77.9,1022.1,18,20,70.2,-37.814604,144.9702991
260,ICTMicroclimate-09,2024-06-01T10:51:02+00:00,SkyFarm (Jeff's Shed). Rooftop - Melbourne Conference & Exhibition Centre (MCEC),0,337,359,0,0.5,2.4,10.9,71.2,1025.7,4,5,62.3,-37.8223306,144.9521696
261,ICTMicroclimate-06,2024-06-01T10:52:20+00:00,Tram Stop 7B - Melbourne Tennis Centre Precinct - Rod Laver Arena,0,184,357,0,0.6,3.8,10.8,72.4,1026.9,2,2,57.2,-37.8194993,144.9787211
262,ICTMicroclimate-03,2024-06-01T10:53:49+00:00,CH1 rooftop,178,196,234,0.5,2,3.2,10.6,81.7,1021.3,12,14,73.2,-37.8140348,144.96728
263,ICTMicroclimate-07,2024-06-01T10:54:05+00:00,Tram Stop 7C - Melbourne Tennis Centre Precinct - Rod Laver Arena,0,99,314,0,0.6,1.8,11,71.1,1028.9,6,6,62.1,-37.8222341,144.9829409
264,ICTMicroclimate-08,2024-06-01T10:58:05+00:00,Swanston St - Tram Stop 13 adjacent Federation Sq & Flinders St Station,0,177,341,0,0.7,3.4,11,70.9,1026.9,5,5,74.2,-37.8184515,144.9678474
265,ICTMicroclimate-02,2024-06-01T11:00:18+00:00,101 Collins St L11 Rooftop,0,250,285,0,0.9,1.3,11.3,78.2,1022.2,13,20,69.7,-37.814604,144.9702991
266,ICTMicroclimate-09,2024-06-01T11:06:04+00:00,SkyFarm (Jeff's Shed). Rooftop - Melbourne Conference & Exhibition Centre (MCEC),0,271,358,0,0.9,2.4,11,70,1025.7,4,5,60.1,-37.8223306,144.9521696
267,ICTMicroclimate-06,2024-06-01T11:07:22+00:00,Tram Stop 7B - Melbourne Tennis Centre Precinct - Rod Laver Arena,0,318,355,0,0.2,2.2,10.7,72.8,1026.9,2,2,54.6,-37.8194993,144.9787211
268,ICTMicroclimate-03,2024-06-01T11:08:52+00:00,CH1 rooftop,148,190,231,1,1.7,3,10.6,81.3,1021.3,13,17,70.3,-37.8140348,144.96728
269,ICTMicroclimate-07,2024-06-01T11:09:06+00:00,Tram Stop 7C - Melbourne Tennis Centre Precinct - Rod Laver Arena,0,0,349,0,0,2,10.9,71.4,1028.9,6,6,60.1,-37.8222341,144.9829409
270,ICTMicroclimate-08,2024-06-01T11:13:11+00:00,Swanston St - Tram Stop 13 adjacent Federation Sq & Flinders St Station,0,124,341,0,0.6,2,10.9,70.4,1026.9,5,5,77.1,-37.8184515,144.9678474
271,ICTMicroclimate-02,2024-06-01T11:15:21+00:00,101 Collins St L11 Rooftop,0,5,356,0,0.3,1,11.4,76.8,1022.3,21,24,70.2,-37.814604,144.9702991
272,ICTMicroclimate-09,2024-06-01T11:21:06+00:00,SkyFarm (Jeff's Shed). Rooftop - Melbourne Conference & Exhibition Centre (MCEC),0,290,359,0,0.6,2.5,10.9,69.8,1025.9,4,5,60.1,-37.8223306,144.9521696
273,ICTMicroclimate-06,2024-06-01T11:22:24+00:00,Tram Stop 7B - Melbourne Tennis Centre Precinct - Rod Laver Arena,0,281,355,0,0.5,2.3,10,75.5,1027.1,2,2,62.3,-37.8194993,144.9787211
274,ICTMicroclimate-03,2024-06-01T11:23:53+00:00,CH1 rooftop,190,205,217,1.3,1.8,2.4,10.6,81,1021.3,16,20,70.4,-37.8140348,144.96728
275,ICTMicroclimate-07,2024-06-01T11:24:09+00:00,Tram Stop 7C - Melbourne Tennis Centre Precinct - Rod Laver Arena,0,48,357,0,0.3,1.7,10.7,72,1029.1,6,6,61.7,-37.8222341,144.9829409
276,ICTMicroclimate-08,2024-06-01T11:28:08+00:00,Swanston St - Tram Stop 13 adjacent Federation Sq & Flinders St Station,0,133,314,0,1.4,2.4,11,70.1,1027.1,5,5,87.9,-37.8184515,144.9678474
277,ICTMicroclimate-02,2024-06-01T11:30:20+00:00,101 Collins St L11 Rooftop,0,262,341,0,1,2.4,11.4,76.5,1022.4,20,22,69.6,-37.814604,144.9702991
278,ICTMicroclimate-09,2024-06-01T11:36:08+00:00,SkyFarm (Jeff's Shed). Rooftop - Melbourne Conference & Exhibition Centre (MCEC),0,329,359,0,0.5,2.3,11,69,1025.9,4,5,61.3,-37.8223306,144.9521696
279,ICTMicroclimate-06,2024-06-01T11:37:26+00:00,Tram Stop 7B - Melbourne Tennis Centre Precinct - Rod Laver Arena,0,351,356,0,0.2,2.3,9.7,76.5,1027.1,2,2,53.1,-37.8194993,144.9787211
280,ICTMicroclimate-03,2024-06-01T11:38:56+00:00,CH1 rooftop,171,185,218,0.7,1.2,1.7,10.6,79.9,1021.4,14,17,70.4,-37.8140348,144.96728
281,ICTMicroclimate-07,2024-06-01T11:39:11+00:00,Tram Stop 7C - Melbourne Tennis Centre Precinct - Rod Laver Arena,0,0,346,0,0,2.4,10.3,73.8,1029.1,6,6,60.8,-37.8222341,144.9829409
282,ICTMicroclimate-08,2024-06-01T11:43:11+00:00,Swanston St - Tram Stop 13 adjacent Federation Sq & Flinders St Station,0,182,355,0,0.4,2.4,10.8,70.4,1027.1,5,5,84.5,-37.8184515,144.9678474
283,ICTMicroclimate-02,2024-06-01T11:45:24+00:00,101 Collins St L11 Rooftop,0,2,357,0.1,0.4,1.5,11.4,74.2,1022.3,15,18,69.9,-37.814604,144.9702991
284,ICTMicroclimate-09,2024-06-01T11:51:09+00:00,SkyFarm (Jeff's Shed). Rooftop - Melbourne Conference & Exhibition Centre (MCEC),0,352,358,0,0.3,1.5,10.9,68.6,1025.9,4,5,60.5,-37.8223306,144.9521696
285,ICTMicroclimate-06,2024-06-01T11:52:28+00:00,Tram Stop 7B - Melbourne Tennis Centre Precinct - Rod Laver Arena,0,307,355,0,0.2,1.7,9.4,77.7,1027.1,2,2,60.4,-37.8194993,144.9787211
286,ICTMicroclimate-07,2024-06-01T11:54:13+00:00,Tram Stop 7C - Melbourne Tennis Centre Precinct - Rod Laver Arena,0,0,353,0,0,2.8,9.9,75.4,1029.1,6,6,64.2,-37.8222341,144.9829409
287,ICTMicroclimate-08,2024-06-01T11:58:15+00:00,Swanston St - Tram Stop 13 adjacent Federation Sq & Flinders St Station,0,9,314,0,0.1,1.4,10.7,70.4,1027.1,5,5,82.9,-37.8184515,144.9678474
288,ICTMicroclimate-02,2024-06-01T12:00:26+00:00,101 Collins St L11 Rooftop,0,14,357,0,0.6,1.6,11.6,73.4,1022.3,6,8,69.8,-37.814604,144.9702991
289,ICTMicroclimate-09,2024-06-01T12:06:13+00:00,SkyFarm (Jeff's Shed). Rooftop - Melbourne Conference & Exhibition Centre (MCEC),0,340,359,0,0.4,2,11.2,67.2,1025.9,4,5,59.2,-37.8223306,144.9521696
290,ICTMicroclimate-06,2024-06-01T12:07:30+00:00,Tram Stop 7B - Melbourne Tennis Centre Precinct - Rod Laver Arena,0,0,350,0,0,1.5,9.1,78.9,1027.3,2,2,62.2,-37.8194993,144.9787211
291,ICTMicroclimate-07,2024-06-01T12:09:15+00:00,Tram Stop 7C - Melbourne Tennis Centre Precinct - Rod Laver Arena,0,0,345,0,0,0.4,9.6,77,1029.1,6,6,61.5,-37.8222341,144.9829409
292,ICTMicroclimate-08,2024-06-01T12:13:17+00:00,Swanston St - Tram Stop 13 adjacent Federation Sq & Flinders St Station,0,56,351,0,0.3,1.9,10.8,69.4,1027.1,5,5,69.3,-37.8184515,144.9678474
293,ICTMicroclimate-02,2024-06-01T12:15:28+00:00,101 Collins St L11 Rooftop,0,9,343,0,0.6,2.3,11.6,73.7,1022.3,10,14,70,-37.814604,144.9702991
294,ICTMicroclimate-09,2024-06-01T12:21:14+00:00,SkyFarm (Jeff's Shed). Rooftop - Melbourne Conference & Exhibition Centre (MCEC),0,303,357,0,0.6,2.3,11.1,67,1025.9,4,5,68.3,-37.8223306,144.9521696
295,ICTMicroclimate-06,2024-06-01T12:22:32+00:00,Tram Stop 7B - Melbourne Tennis Centre Precinct - Rod Laver Arena,0,296,355,0,0.3,1.5,8.9,80.1,1027.1,2,2,56.6,-37.8194993,144.9787211
296,ICTMicroclimate-03,2024-06-01T12:24:01+00:00,CH1 rooftop,175,201,224,1.2,2,3.2,10.6,78.5,1021.4,13,15,72,-37.8140348,144.96728
297,ICTMicroclimate-03,2024-06-01T12:24:02+00:00,CH1 rooftop,137,160,139,1.3,1.5,1.4,10.8,77.5,1021.4,15,17,70.5,-37.8140348,144.96728
298,ICTMicroclimate-07,2024-06-01T12:24:16+00:00,Tram Stop 7C - Melbourne Tennis Centre Precinct - Rod Laver Arena,0,0,356,0,0,2.5,9.4,77.4,1029.1,6,6,60.3,-37.8222341,144.9829409
299,ICTMicroclimate-08,2024-06-01T12:28:18+00:00,Swanston St - Tram Stop 13 adjacent Federation Sq & Flinders St Station,0,0,352,0,0,2.1,10.7,69.8,1027.1,5,5,71.5,-37.8184515,144.9678474
300,ICTMicroclimate-02,2024-06-01T12:30:30+00:00,101 Collins St L11 Rooftop,3,332,354,0.5,1.1,3.1,11.4,72.7,1022.3,10,14,69.6,-37.814604,144.9702991
301,ICTMicroclimate-09,2024-06-01T12:36:17+00:00,SkyFarm (Jeff's Shed). Rooftop - Melbourne Conference & Exhibition Centre (MCEC),0,2,359,0,0.4,1.9,11.4,65.9,1025.9,4,5,60.3,-37.8223306,144.9521696
302,ICTMicroclimate-06,2024-06-01T12:37:34+00:00,Tram Stop 7B - Melbourne Tennis Centre Precinct - Rod Laver Arena,0,286,359,0,0.4,2.3,9.2,79.1,1027.1,2,2,58.9,-37.8194993,144.9787211
303,ICTMicroclimate-03,2024-06-01T12:39:04+00:00,CH1 rooftop,175,191,220,1.4,1.6,2,10.8,78,1021.3,8,10,71.5,-37.8140348,144.96728
304,ICTMicroclimate-07,2024-06-01T12:39:23+00:00,Tram Stop 7C - Melbourne Tennis Centre Precinct - Rod Laver Arena,0,0,357,0,0,2.6,9.4,76.9,1029.1,6,6,60.5,-37.8222341,144.9829409
305,ICTMicroclimate-08,2024-06-01T12:43:20+00:00,Swanston St - Tram Stop 13 adjacent Federation Sq & Flinders St Station,0,82,341,0,0.4,2.3,10.9,68.8,1026.9,5,5,71.7,-37.8184515,144.9678474
306,ICTMicroclimate-02,2024-06-01T12:45:30+00:00,101 Collins St L11 Rooftop,0,352,355,0,0.4,1.7,11.6,73.3,1022.3,12,16,69.8,-37.814604,144.9702991
307,ICTMicroclimate-09,2024-06-01T12:51:18+00:00,SkyFarm (Jeff's Shed). Rooftop - Melbourne Conference & Exhibition Centre (MCEC),0,9,358,0,0.3,2.2,11.4,66.4,1025.7,4,5,59.7,-37.8223306,144.9521696
308,ICTMicroclimate-06,2024-06-01T12:52:37+00:00,Tram Stop 7B - Melbourne Tennis Centre Precinct - Rod Laver Arena,0,330,355,0,0.2,2.1,9.6,77.2,1027.1,2,2,58.9,-37.8194993,144.9787211
309,ICTMicroclimate-03,2024-06-01T12:54:06+00:00,CH1 rooftop,168,188,212,1.2,2.1,2.8,10.8,77.7,1021.3,8,10,70.7,-37.8140348,144.96728
310,ICTMicroclimate-07,2024-06-01T12:54:20+00:00,Tram Stop 7C - Melbourne Tennis Centre Precinct - Rod Laver Arena,0,0,359,0,0,1.3,10,74.1,1028.9,6,6,61.6,-37.8222341,144.9829409
311,ICTMicroclimate-08,2024-06-01T12:58:23+00:00,Swanston St - Tram Stop 13 adjacent Federation Sq & Flinders St Station,0,157,353,0,1.2,3.2,11,68.5,1026.9,5,5,67.9,-37.8184515,144.9678474
312,ICTMicroclimate-02,2024-06-01T13:00:32+00:00,101 Collins St L11 Rooftop,0,110,347,0,0.6,2,11.4,74.3,1022.2,11,13,69.7,-37.814604,144.9702991
313,ICTMicroclimate-09,2024-06-01T13:06:20+00:00,SkyFarm (Jeff's Shed). Rooftop - Melbourne Conference & Exhibition Centre (MCEC),0,272,357,0,0.8,3.3,11.2,68.4,1025.7,4,5,58.8,-37.8223306,144.9521696
314,ICTMicroclimate-06,2024-06-01T13:07:39+00:00,Tram Stop 7B - Melbourne Tennis Centre Precinct - Rod Laver Arena,0,356,353,0,0.2,3.4,10,74.9,1026.9,2,2,60.2,-37.8194993,144.9787211
315,ICTMicroclimate-03,2024-06-01T13:09:07+00:00,CH1 rooftop,197,197,215,1.5,1.4,1.9,10.8,77.3,1021.2,8,10,71,-37.8140348,144.96728
316,ICTMicroclimate-07,2024-06-01T13:09:27+00:00,Tram Stop 7C - Melbourne Tennis Centre Precinct - Rod Laver Arena,0,0,358,0,0,1.5,10.5,72.5,1028.9,6,6,56.7,-37.8222341,144.9829409
317,ICTMicroclimate-08,2024-06-01T13:13:24+00:00,Swanston St - Tram Stop 13 adjacent Federation Sq & Flinders St Station,0,125,351,0,0.5,2.4,11.1,68,1026.9,5,5,72,-37.8184515,144.9678474
318,ICTMicroclimate-02,2024-06-01T13:15:35+00:00,101 Collins St L11 Rooftop,0,197,257,0,0.8,1.8,11.4,74.6,1022,16,25,69.6,-37.814604,144.9702991
319,ICTMicroclimate-09,2024-06-01T13:21:21+00:00,SkyFarm (Jeff's Shed). Rooftop - Melbourne Conference & Exhibition Centre (MCEC),0,4,359,0,0.6,2.4,10.9,69.2,1025.7,4,5,58.4,-37.8223306,144.9521696
320,ICTMicroclimate-06,2024-06-01T13:22:41+00:00,Tram Stop 7B - Melbourne Tennis Centre Precinct - Rod Laver Arena,0,0,357,0,0,1.8,10.1,73.8,1026.9,2,2,60.9,-37.8194993,144.9787211
321,ICTMicroclimate-03,2024-06-01T13:24:08+00:00,CH1 rooftop,148,177,197,1.1,1.7,2.4,10.8,77.8,1021.3,8,10,70,-37.8140348,144.96728
322,ICTMicroclimate-07,2024-06-01T13:24:24+00:00,Tram Stop 7C - Melbourne Tennis Centre Precinct - Rod Laver Arena,0,156,353,0,0.2,1.5,10.4,72.2,1028.9,6,6,61.8,-37.8222341,144.9829409
323,ICTMicroclimate-08,2024-06-01T13:28:28+00:00,Swanston St - Tram Stop 13 adjacent Federation Sq & Flinders St Station,0,15,352,0,0.3,2.3,10.9,68.5,1026.9,5,5,67.4,-37.8184515,144.9678474
324,ICTMicroclimate-02,2024-06-01T13:30:38+00:00,101 Collins St L11 Rooftop,0,100,345,0,0.7,1.1,11.3,75.5,1022.2,17,20,69.3,-37.814604,144.9702991
325,ICTMicroclimate-09,2024-06-01T13:36:24+00:00,SkyFarm (Jeff's Shed). Rooftop - Melbourne Conference & Exhibition Centre (MCEC),0,277,359,0,0.8,2.5,10.9,70,1025.7,4,5,59.7,-37.8223306,144.9521696
326,ICTMicroclimate-06,2024-06-01T13:37:43+00:00,Tram Stop 7B - Melbourne Tennis Centre Precinct - Rod Laver Arena,0,305,357,0,0.3,1.5,9.9,74.8,1026.9,2,2,58.2,-37.8194993,144.9787211
327,ICTMicroclimate-03,2024-06-01T13:39:10+00:00,CH1 rooftop,174,194,220,0.8,1.5,2.5,10.4,79.9,1021.2,14,16,71.3,-37.8140348,144.96728
328,ICTMicroclimate-07,2024-06-01T13:39:26+00:00,Tram Stop 7C - Melbourne Tennis Centre Precinct - Rod Laver Arena,0,0,347,0,0,0.9,10.3,72.5,1028.9,6,6,61.1,-37.8222341,144.9829409
329,ICTMicroclimate-08,2024-06-01T13:43:30+00:00,Swanston St - Tram Stop 13 adjacent Federation Sq & Flinders St Station,0,141,314,0,1.2,2.5,10.6,70.2,1026.9,5,5,71.8,-37.8184515,144.9678474
330,ICTMicroclimate-02,2024-06-01T13:45:39+00:00,101 Collins St L11 Rooftop,0,140,341,0,0.4,1,11.1,77.2,1022.2,13,18,69.7,-37.814604,144.9702991
331,ICTMicroclimate-09,2024-06-01T13:51:26+00:00,SkyFarm (Jeff's Shed). Rooftop - Melbourne Conference & Exhibition Centre (MCEC),0,339,359,0,0.3,1.9,10.8,70.7,1025.7,4,5,57.6,-37.8223306,144.9521696
332,ICTMicroclimate-06,2024-06-01T13:52:45+00:00,Tram Stop 7B - Melbourne Tennis Centre Precinct - Rod Laver Arena,0,0,355,0,0,1.1,9.7,75.9,1027.1,2,2,56.9,-37.8194993,144.9787211
333,ICTMicroclimate-03,2024-06-01T13:54:13+00:00,CH1 rooftop,172,174,172,1.7,1.2,1.7,10.3,81.5,1021.3,11,13,70.4,-37.8140348,144.96728
334,ICTMicroclimate-07,2024-06-01T13:54:29+00:00,Tram Stop 7C - Melbourne Tennis Centre Precinct - Rod Laver Arena,0,0,324,0,0,2.4,9.9,74.8,1028.9,6,6,65.8,-37.8222341,144.9829409
335,ICTMicroclimate-08,2024-06-01T13:58:30+00:00,Swanston St - Tram Stop 13 adjacent Federation Sq & Flinders St Station,0,18,352,0,0.3,2,10.6,70.8,1026.9,5,5,70.5,-37.8184515,144.9678474
336,ICTMicroclimate-08,2024-06-01T13:58:30+00:00,Swanston St - Tram Stop 13 adjacent Federation Sq & Flinders St Station,0,141,314,0,1.2,2.5,10.6,70.2,1026.9,5,5,71.8,-37.8184515,144.9678474
337,ICTMicroclimate-02,2024-06-01T14:00:41+00:00,101 Collins St L11 Rooftop,0,57,53,0,0.2,0.2,11.3,78,1022.1,9,11,69.3,-37.814604,144.9702991
338,ICTMicroclimate-09,2024-06-01T14:06:27+00:00,SkyFarm (Jeff's Shed). Rooftop - Melbourne Conference & Exhibition Centre (MCEC),0,280,356,0,0.6,1.9,10.7,71.1,1025.7,4,5,57,-37.8223306,144.9521696
339,ICTMicroclimate-06,2024-06-01T14:07:46+00:00,Tram Stop 7B - Melbourne Tennis Centre Precinct - Rod Laver Arena,0,0,357,0,0,1.1,9.4,77.1,1026.9,2,2,54.2,-37.8194993,144.9787211
340,ICTMicroclimate-03,2024-06-01T14:09:15+00:00,CH1 rooftop,145,181,207,0.7,1.4,1.7,10.3,81.9,1021.1,11,14,69.6,-37.8140348,144.96728
341,ICTMicroclimate-07,2024-06-01T14:09:31+00:00,Tram Stop 7C - Melbourne Tennis Centre Precinct - Rod Laver Arena,0,0,341,0,0,0.6,9.8,75.5,1028.9,6,6,61.1,-37.8222341,144.9829409
342,ICTMicroclimate-08,2024-06-01T14:13:31+00:00,Swanston St - Tram Stop 13 adjacent Federation Sq & Flinders St Station,0,87,319,0,0.5,1.3,10.8,70.7,1026.7,5,5,65.8,-37.8184515,144.9678474
343,ICTMicroclimate-02,2024-06-01T14:15:43+00:00,101 Collins St L11 Rooftop,0,354,349,0,0.4,0.9,11.3,76.7,1022,7,10,69.2,-37.814604,144.9702991
344,ICTMicroclimate-09,2024-06-01T14:21:29+00:00,SkyFarm (Jeff's Shed). Rooftop - Melbourne Conference & Exhibition Centre (MCEC),0,23,358,0,0.6,2.1,10.9,70.3,1025.5,4,5,56.7,-37.8223306,144.9521696
345,ICTMicroclimate-06,2024-06-01T14:22:48+00:00,Tram Stop 7B - Melbourne Tennis Centre Precinct - Rod Laver Arena,0,359,355,0,0.2,3.3,9.6,76.8,1026.9,2,2,61,-37.8194993,144.9787211
346,ICTMicroclimate-03,2024-06-01T14:24:20+00:00,CH1 rooftop,187,197,213,1.4,1.6,2.2,10.4,81.6,1021,7,9,72.3,-37.8140348,144.96728
347,ICTMicroclimate-07,2024-06-01T14:24:33+00:00,Tram Stop 7C - Melbourne Tennis Centre Precinct - Rod Laver Arena,0,0,349,0,0,0.7,9.9,75.5,1028.7,11,15,59.3,-37.8222341,144.9829409
348,ICTMicroclimate-08,2024-06-01T14:28:50+00:00,Swanston St - Tram Stop 13 adjacent Federation Sq & Flinders St Station,0,120,349,0,0.7,1.3,10.8,70.5,1026.7,5,5,66.4,-37.8184515,144.9678474
349,ICTMicroclimate-02,2024-06-01T14:30:45+00:00,101 Collins St L11 Rooftop,0,61,353,0,0.7,1.4,11.4,75.3,1022,8,13,69,-37.814604,144.9702991
350,ICTMicroclimate-09,2024-06-01T14:36:31+00:00,SkyFarm (Jeff's Shed). Rooftop - Melbourne Conference & Exhibition Centre (MCEC),0,335,359,0,0.6,2.6,11.4,66.8,1025.5,4,5,59.6,-37.8223306,144.9521696
351,ICTMicroclimate-06,2024-06-01T14:37:50+00:00,Tram Stop 7B - Melbourne Tennis Centre Precinct - Rod Laver Arena,0,358,359,0,0.3,2.6,9.9,76.6,1026.7,2,2,76.9,-37.8194993,144.9787211
352,ICTMicroclimate-03,2024-06-01T14:39:19+00:00,CH1 rooftop,179,189,218,0.8,1.4,2.4,10.4,80.2,1021,6,10,71,-37.8140348,144.96728
353,ICTMicroclimate-07,2024-06-01T14:39:35+00:00,Tram Stop 7C - Melbourne Tennis Centre Precinct - Rod Laver Arena,0,0,352,0,0,0.8,10.2,74.9,1028.5,11,15,72.1,-37.8222341,144.9829409
354,ICTMicroclimate-08,2024-06-01T14:43:33+00:00,Swanston St - Tram Stop 13 adjacent Federation Sq & Flinders St Station,0,92,349,0,0.4,2.4,10.9,70.1,1026.5,5,5,71.9,-37.8184515,144.9678474
355,ICTMicroclimate-02,2024-06-01T14:45:46+00:00,101 Collins St L11 Rooftop,0,330,357,0.2,1.1,2.6,11.4,73.5,1021.8,11,13,70,-37.814604,144.9702991
356,ICTMicroclimate-09,2024-06-01T14:51:33+00:00,SkyFarm (Jeff's Shed). Rooftop - Melbourne Conference & Exhibition Centre (MCEC),0,14,358,0,0.5,3.4,11.6,65.6,1025.3,3,5,60.3,-37.8223306,144.9521696
357,ICTMicroclimate-06,2024-06-01T14:52:52+00:00,Tram Stop 7B - Melbourne Tennis Centre Precinct - Rod Laver Arena,0,0,352,0,0,1.4,10.1,75.7,1026.5,2,2,54.3,-37.8194993,144.9787211
358,ICTMicroclimate-03,2024-06-01T14:54:21+00:00,CH1 rooftop,174,194,174,1.3,1.6,1.3,10.4,79.7,1020.9,9,11,68.6,-37.8140348,144.96728
359,ICTMicroclimate-07,2024-06-01T14:54:36+00:00,Tram Stop 7C - Melbourne Tennis Centre Precinct - Rod Laver Arena,0,0,342,0,0,0.6,10.2,75.2,1028.3,11,15,58.5,-37.8222341,144.9829409
360,ICTMicroclimate-08,2024-06-01T14:58:35+00:00,Swanston St - Tram Stop 13 adjacent Federation Sq & Flinders St Station,0,33,353,0,0.6,1.9,10.7,70.4,1026.3,5,5,63.4,-37.8184515,144.9678474
361,ICTMicroclimate-02,2024-06-01T15:00:49+00:00,101 Collins St L11 Rooftop,0,14,355,0,0.5,1.2,11.4,74.1,1021.6,10,12,68.7,-37.814604,144.9702991
362,ICTMicroclimate-09,2024-06-01T15:06:36+00:00,SkyFarm (Jeff's Shed). Rooftop - Melbourne Conference & Exhibition Centre (MCEC),0,11,359,0,0.5,2.3,11.6,65.7,1024.9,3,5,57.5,-37.8223306,144.9521696
363,ICTMicroclimate-06,2024-06-01T15:07:54+00:00,Tram Stop 7B - Melbourne Tennis Centre Precinct - Rod Laver Arena,0,0,358,0,0,0.7,10.1,76.2,1026.3,2,2,55.2,-37.8194993,144.9787211
364,ICTMicroclimate-03,2024-06-01T15:09:24+00:00,CH1 rooftop,90,149,169,0.7,1.8,3.6,10.6,79.2,1020.6,5,7,69.8,-37.8140348,144.96728
365,ICTMicroclimate-07,2024-06-01T15:09:38+00:00,Tram Stop 7C - Melbourne Tennis Centre Precinct - Rod Laver Arena,0,0,314,0,0,0.5,10.3,74.7,1028.3,11,15,55.5,-37.8222341,144.9829409
366,ICTMicroclimate-08,2024-06-01T15:13:41+00:00,Swanston St - Tram Stop 13 adjacent Federation Sq & Flinders St Station,0,108,314,0,0.4,1.9,10.6,71.7,1026.1,5,5,59.5,-37.8184515,144.9678474
367,ICTMicroclimate-02,2024-06-01T15:15:51+00:00,101 Collins St L11 Rooftop,0,10,356,0.2,0.7,1.3,11.6,75.5,1021.5,17,20,69.1,-37.814604,144.9702991
368,ICTMicroclimate-09,2024-06-01T15:21:38+00:00,SkyFarm (Jeff's Shed). Rooftop - Melbourne Conference & Exhibition Centre (MCEC),0,314,359,0,0.5,1.9,11.5,67.1,1024.9,3,5,59,-37.8223306,144.9521696
369,ICTMicroclimate-06,2024-06-01T15:22:57+00:00,Tram Stop 7B - Melbourne Tennis Centre Precinct - Rod Laver Arena,0,0,351,0,0,0.9,10.3,75.1,1026.1,2,2,52.1,-37.8194993,144.9787211
370,ICTMicroclimate-03,2024-06-01T15:24:24+00:00,CH1 rooftop,146,185,215,0.8,1.3,2.1,10.6,80.2,1020.5,7,11,69,-37.8140348,144.96728
371,ICTMicroclimate-07,2024-06-01T15:24:40+00:00,Tram Stop 7C - Melbourne Tennis Centre Precinct - Rod Laver Arena,0,161,355,0,0.2,2.1,10.4,74.6,1028.1,11,15,64.1,-37.8222341,144.9829409
372,ICTMicroclimate-08,2024-06-01T15:28:40+00:00,Swanston St - Tram Stop 13 adjacent Federation Sq & Flinders St Station,0,0,349,0,0,1.2,10.7,72.1,1026.1,5,5,63.3,-37.8184515,144.9678474
373,ICTMicroclimate-02,2024-06-01T15:30:53+00:00,101 Collins St L11 Rooftop,0,19,354,0,0.4,1,11.4,74.6,1021.2,8,10,69.1,-37.814604,144.9702991
374,ICTMicroclimate-09,2024-06-01T15:36:40+00:00,SkyFarm (Jeff's Shed). Rooftop - Melbourne Conference & Exhibition Centre (MCEC),0,23,359,0,0.3,1.5,11.5,66.7,1024.9,3,5,58,-37.8223306,144.9521696
375,ICTMicroclimate-06,2024-06-01T15:37:58+00:00,Tram Stop 7B - Melbourne Tennis Centre Precinct - Rod Laver Arena,0,0,355,0,0,1.6,10.1,76.5,1026.1,2,2,74.4,-37.8194993,144.9787211
376,ICTMicroclimate-03,2024-06-01T15:39:26+00:00,CH1 rooftop,179,189,215,1,1.4,1.8,10.8,76.5,1020.4,4,6,71.8,-37.8140348,144.96728
377,ICTMicroclimate-07,2024-06-01T15:39:42+00:00,Tram Stop 7C - Melbourne Tennis Centre Precinct - Rod Laver Arena,0,0,341,0,0,0.6,10.4,74.9,1028.1,11,15,59.8,-37.8222341,144.9829409
378,ICTMicroclimate-08,2024-06-01T15:43:42+00:00,Swanston St - Tram Stop 13 adjacent Federation Sq & Flinders St Station,0,14,355,0,0.4,1.5,10.9,69.9,1025.9,5,5,65.4,-37.8184515,144.9678474
379,ICTMicroclimate-02,2024-06-01T15:45:54+00:00,101 Collins St L11 Rooftop,280,346,340,0.9,0.7,2.4,11.8,69.1,1021.2,11,14,69,-37.814604,144.9702991
380,ICTMicroclimate-09,2024-06-01T15:51:42+00:00,SkyFarm (Jeff's Shed). Rooftop - Melbourne Conference & Exhibition Centre (MCEC),0,6,358,0,0.4,2.2,11.6,64.3,1024.7,3,5,57.1,-37.8223306,144.9521696
381,ICTMicroclimate-06,2024-06-01T15:53:01+00:00,Tram Stop 7B - Melbourne Tennis Centre Precinct - Rod Laver Arena,0,7,354,0,0.7,1,10.2,76.7,1026.1,2,2,52.7,-37.8194993,144.9787211
382,ICTMicroclimate-07,2024-06-01T15:54:44+00:00,Tram Stop 7C - Melbourne Tennis Centre Precinct - Rod Laver Arena,0,0,349,0,0,1.3,10.3,75.4,1027.9,11,15,56.6,-37.8222341,144.9829409
383,ICTMicroclimate-08,2024-06-01T15:58:44+00:00,Swanston St - Tram Stop 13 adjacent Federation Sq & Flinders St Station,0,0,341,0,0,1.8,11.1,68.3,1025.9,5,5,69.6,-37.8184515,144.9678474
384,ICTMicroclimate-02,2024-06-01T16:00:56+00:00,101 Collins St L11 Rooftop,0,284,0,0,0.6,0,11.8,65.1,1021.2,3,5,68.6,-37.814604,144.9702991
385,ICTMicroclimate-09,2024-06-01T16:06:44+00:00,SkyFarm (Jeff's Shed). Rooftop - Melbourne Conference & Exhibition Centre (MCEC),0,265,353,0,0.8,2.4,11.4,63.1,1024.7,3,5,57.1,-37.8223306,144.9521696
386,ICTMicroclimate-06,2024-06-01T16:08:03+00:00,Tram Stop 7B - Melbourne Tennis Centre Precinct - Rod Laver Arena,0,0,353,0,0,1,9.9,77.3,1025.9,2,2,57.4,-37.8194993,144.9787211
387,ICTMicroclimate-03,2024-06-01T16:09:31+00:00,CH1 rooftop,179,187,205,0.8,1.2,1.1,11.1,73.5,1020.3,2,4,70.3,-37.8140348,144.96728
388,ICTMicroclimate-03,2024-06-01T16:09:32+00:00,CH1 rooftop,176,191,209,0.9,1.2,1.9,10.9,76.2,1020.3,3,5,68.4,-37.8140348,144.96728
389,ICTMicroclimate-07,2024-06-01T16:09:47+00:00,Tram Stop 7C - Melbourne Tennis Centre Precinct - Rod Laver Arena,0,175,314,0,0.5,1.4,10.1,76.8,1027.9,11,15,58.2,-37.8222341,144.9829409
390,ICTMicroclimate-08,2024-06-01T16:13:46+00:00,Swanston St - Tram Stop 13 adjacent Federation Sq & Flinders St Station,0,39,349,0,0.1,1.1,11.2,67.3,1025.9,5,5,62.2,-37.8184515,144.9678474
391,ICTMicroclimate-02,2024-06-01T16:15:59+00:00,101 Collins St L11 Rooftop,0,351,352,0,0.2,0.8,11.9,67.3,1021.2,6,8,68.7,-37.814604,144.9702991
392,ICTMicroclimate-09,2024-06-01T16:21:46+00:00,SkyFarm (Jeff's Shed). Rooftop - Melbourne Conference & Exhibition Centre (MCEC),0,283,357,0,0.6,2.7,11.2,66.3,1024.9,3,5,59.2,-37.8223306,144.9521696
393,ICTMicroclimate-06,2024-06-01T16:23:05+00:00,Tram Stop 7B - Melbourne Tennis Centre Precinct - Rod Laver Arena,0,0,347,0,0,1.6,9.7,78,1026.1,2,2,57.2,-37.8194993,144.9787211
394,ICTMicroclimate-03,2024-06-01T16:24:33+00:00,CH1 rooftop,170,194,235,0.6,1.4,2.5,11.3,71,1020.3,2,4,69.5,-37.8140348,144.96728
395,ICTMicroclimate-07,2024-06-01T16:24:49+00:00,Tram Stop 7C - Melbourne Tennis Centre Precinct - Rod Laver Arena,0,0,193,0,0,1.6,9.9,77.7,1028.1,11,15,59.9,-37.8222341,144.9829409
396,ICTMicroclimate-08,2024-06-01T16:28:47+00:00,Swanston St - Tram Stop 13 adjacent Federation Sq & Flinders St Station,0,0,349,0,0,2.1,11,67,1025.9,5,5,64.1,-37.8184515,144.9678474
397,ICTMicroclimate-02,2024-06-01T16:31:01+00:00,101 Collins St L11 Rooftop,76,38,108,0.5,0.5,0.9,11.8,67.8,1021.2,2,4,69.1,-37.814604,144.9702991
398,ICTMicroclimate-09,2024-06-01T16:36:47+00:00,SkyFarm (Jeff's Shed). Rooftop - Melbourne Conference & Exhibition Centre (MCEC),0,235,357,0,1.2,2.4,11,66.5,1024.5,3,5,57.7,-37.8223306,144.9521696
399,ICTMicroclimate-06,2024-06-01T16:38:06+00:00,Tram Stop 7B - Melbourne Tennis Centre Precinct - Rod Laver Arena,0,90,349,0,0.7,1,9.4,78.2,1025.7,2,2,62.5,-37.8194993,144.9787211
400,ICTMicroclimate-03,2024-06-01T16:39:36+00:00,CH1 rooftop,147,176,199,0.9,1.5,2.2,11.1,71.3,1020,1,3,69.1,-37.8140348,144.96728
401,ICTMicroclimate-07,2024-06-01T16:39:52+00:00,Tram Stop 7C - Melbourne Tennis Centre Precinct - Rod Laver Arena,0,0,351,0,0,2.6,9.7,77.4,1027.7,11,15,54.4,-37.8222341,144.9829409
402,ICTMicroclimate-08,2024-06-01T16:43:50+00:00,Swanston St - Tram Stop 13 adjacent Federation Sq & Flinders St Station,0,85,352,0,0.2,1.4,11,66.9,1025.7,5,5,61.1,-37.8184515,144.9678474
403,ICTMicroclimate-02,2024-06-01T16:46:03+00:00,101 Collins St L11 Rooftop,0,28,341,0,0.3,1.1,11.9,64.4,1020.9,4,6,68.8,-37.814604,144.9702991
404,ICTMicroclimate-09,2024-06-01T16:51:49+00:00,SkyFarm (Jeff's Shed). Rooftop - Melbourne Conference & Exhibition Centre (MCEC),0,340,357,0,0.4,2,10.9,67,1024.5,3,5,57.7,-37.8223306,144.9521696
405,ICTMicroclimate-06,2024-06-01T16:53:08+00:00,Tram Stop 7B - Melbourne Tennis Centre Precinct - Rod Laver Arena,0,0,351,0,0,1.1,9.2,79.4,1025.7,2,2,56.7,-37.8194993,144.9787211
406,ICTMicroclimate-03,2024-06-01T16:54:38+00:00,CH1 rooftop,128,190,179,0.4,1,1.4,11.1,72,1019.9,2,4,68.6,-37.8140348,144.96728
407,ICTMicroclimate-07,2024-06-01T16:54:53+00:00,Tram Stop 7C - Melbourne Tennis Centre Precinct - Rod Laver Arena,0,0,314,0,0,1,9.4,78.7,1027.5,11,15,55.9,-37.8222341,144.9829409
408,ICTMicroclimate-08,2024-06-01T16:58:52+00:00,Swanston St - Tram Stop 13 adjacent Federation Sq & Flinders St Station,0,359,351,0,0.2,1.9,10.7,67.5,1025.3,5,5,62.3,-37.8184515,144.9678474
409,ICTMicroclimate-02,2024-06-01T17:01:05+00:00,101 Collins St L11 Rooftop,0,18,337,0,0.3,0.9,11.8,68,1020.5,3,5,68.6,-37.814604,144.9702991
410,ICTMicroclimate-09,2024-06-01T17:06:51+00:00,SkyFarm (Jeff's Shed). Rooftop - Melbourne Conference & Exhibition Centre (MCEC),0,261,359,0,0.7,1.7,10.9,67.8,1024.1,3,5,58.2,-37.8223306,144.9521696
411,ICTMicroclimate-06,2024-06-01T17:08:10+00:00,Tram Stop 7B - Melbourne Tennis Centre Precinct - Rod Laver Arena,0,0,349,0,0,0.7,8.8,80,1025.3,2,2,55.3,-37.8194993,144.9787211
412,ICTMicroclimate-03,2024-06-01T17:09:39+00:00,CH1 rooftop,142,176,191,1,1.3,2.3,11.1,72.7,1019.7,2,6,68.5,-37.8140348,144.96728
413,ICTMicroclimate-07,2024-06-01T17:09:55+00:00,Tram Stop 7C - Melbourne Tennis Centre Precinct - Rod Laver Arena,0,68,314,0,0.6,1.2,9.3,78.1,1027.3,11,15,57,-37.8222341,144.9829409
414,ICTMicroclimate-08,2024-06-01T17:13:54+00:00,Swanston St - Tram Stop 13 adjacent Federation Sq & Flinders St Station,0,156,184,0,0.5,1.2,9.7,74.4,1025.3,5,5,61.5,-37.8184515,144.9678474
415,ICTMicroclimate-02,2024-06-01T17:16:07+00:00,101 Collins St L11 Rooftop,0,55,359,0,0.6,1.6,11.8,70.2,1020.5,7,11,68.7,-37.814604,144.9702991
416,ICTMicroclimate-09,2024-06-01T17:21:54+00:00,SkyFarm (Jeff's Shed). Rooftop - Melbourne Conference & Exhibition Centre (MCEC),0,321,359,0,0.2,2.5,10.8,68,1024.1,3,5,56.2,-37.8223306,144.9521696
417,ICTMicroclimate-06,2024-06-01T17:23:12+00:00,Tram Stop 7B - Melbourne Tennis Centre Precinct - Rod Laver Arena,0,359,352,0,0.1,1.1,8.6,80.8,1025.5,2,2,58.5,-37.8194993,144.9787211
418,ICTMicroclimate-03,2024-06-01T17:24:41+00:00,CH1 rooftop,179,207,229,1.4,1.7,2.7,10.6,75.8,1019.6,5,7,71.1,-37.8140348,144.96728
419,ICTMicroclimate-07,2024-06-01T17:24:56+00:00,Tram Stop 7C - Melbourne Tennis Centre Precinct - Rod Laver Arena,0,0,314,0,0,1.1,8.7,80.6,1027.5,11,15,60.4,-37.8222341,144.9829409
420,ICTMicroclimate-08,2024-06-01T17:28:56+00:00,Swanston St - Tram Stop 13 adjacent Federation Sq & Flinders St Station,0,0,358,0,0,2,9.8,71.9,1025.5,5,5,73.8,-37.8184515,144.9678474
421,ICTMicroclimate-02,2024-06-01T17:31:10+00:00,101 Collins St L11 Rooftop,0,343,349,0.1,0.7,2.2,11.4,73,1020.5,14,16,69,-37.814604,144.9702991
422,ICTMicroclimate-09,2024-06-01T17:36:55+00:00,SkyFarm (Jeff's Shed). Rooftop - Melbourne Conference & Exhibition Centre (MCEC),0,302,359,0,0.5,2.3,10.9,68.5,1024.1,3,5,55.8,-37.8223306,144.9521696
423,ICTMicroclimate-06,2024-06-01T17:38:14+00:00,Tram Stop 7B - Melbourne Tennis Centre Precinct - Rod Laver Arena,0,0,352,0,0,1.2,8.4,81.6,1025.3,2,2,58.7,-37.8194993,144.9787211
424,ICTMicroclimate-03,2024-06-01T17:39:43+00:00,CH1 rooftop,158,175,206,1.4,2.1,3.1,10.4,78.2,1019.6,6,9,70.6,-37.8140348,144.96728
425,ICTMicroclimate-07,2024-06-01T17:39:58+00:00,Tram Stop 7C - Melbourne Tennis Centre Precinct - Rod Laver Arena,0,0,341,0,0,0.5,8.5,80.9,1027.3,11,15,54.9,-37.8222341,144.9829409
426,ICTMicroclimate-08,2024-06-01T17:43:57+00:00,Swanston St - Tram Stop 13 adjacent Federation Sq & Flinders St Station,0,27,354,0,0.4,1.7,10.3,70.6,1025.1,5,5,59.5,-37.8184515,144.9678474
427,ICTMicroclimate-02,2024-06-01T17:46:11+00:00,101 Collins St L11 Rooftop,0,292,314,0,0.7,2.1,11.4,71.5,1020.4,7,9,68.3,-37.814604,144.9702991
428,ICTMicroclimate-09,2024-06-01T17:51:58+00:00,SkyFarm (Jeff's Shed). Rooftop - Melbourne Conference & Exhibition Centre (MCEC),0,280,357,0,0.5,2.3,11.1,66.7,1023.9,3,5,59.7,-37.8223306,144.9521696
429,ICTMicroclimate-06,2024-06-01T17:53:17+00:00,Tram Stop 7B - Melbourne Tennis Centre Precinct - Rod Laver Arena,0,3,341,0,0.2,0.6,8.1,82.4,1025.3,2,2,53.8,-37.8194993,144.9787211
430,ICTMicroclimate-03,2024-06-01T17:54:45+00:00,CH1 rooftop,152,178,203,1.2,2,3.1,10.4,77.2,1019.4,5,7,69.1,-37.8140348,144.96728
431,ICTMicroclimate-07,2024-06-01T17:55:00+00:00,Tram Stop 7C - Melbourne Tennis Centre Precinct - Rod Laver Arena,0,0,341,0,0,0.4,8.5,80.6,1027.1,11,15,54.4,-37.8222341,144.9829409
432,ICTMicroclimate-08,2024-06-01T17:59:01+00:00,Swanston St - Tram Stop 13 adjacent Federation Sq & Flinders St Station,0,358,353,0,0.3,2,10.4,69.3,1025.1,4,4,58.4,-37.8184515,144.9678474
433,ICTMicroclimate-02,2024-06-01T18:01:12+00:00,101 Collins St L11 Rooftop,0,318,354,0,0.5,1.2,11.6,70.6,1020.2,13,15,68.6,-37.814604,144.9702991
434,ICTMicroclimate-09,2024-06-01T18:06:59+00:00,SkyFarm (Jeff's Shed). Rooftop - Melbourne Conference & Exhibition Centre (MCEC),0,3,355,0,0.2,2.1,11.1,66.3,1023.7,3,5,56.1,-37.8223306,144.9521696
435,ICTMicroclimate-06,2024-06-01T18:08:18+00:00,Tram Stop 7B - Melbourne Tennis Centre Precinct - Rod Laver Arena,0,72,341,0,0.3,0.7,8.2,82.5,1025.1,2,2,55,-37.8194993,144.9787211
436,ICTMicroclimate-03,2024-06-01T18:09:47+00:00,CH1 rooftop,179,175,199,1,1.7,2.7,10.6,76,1019.3,4,6,69.3,-37.8140348,144.96728
437,ICTMicroclimate-07,2024-06-01T18:10:02+00:00,Tram Stop 7C - Melbourne Tennis Centre Precinct - Rod Laver Arena,0,0,179,0,0,0.5,8.4,80.5,1027.1,11,15,54.8,-37.8222341,144.9829409
438,ICTMicroclimate-08,2024-06-01T18:14:02+00:00,Swanston St - Tram Stop 13 adjacent Federation Sq & Flinders St Station,0,333,352,0,0.2,2.1,10.5,69,1024.9,4,4,73.3,-37.8184515,144.9678474
439,ICTMicroclimate-02,2024-06-01T18:16:15+00:00,101 Collins St L11 Rooftop,104,139,254,0.2,0.7,1.1,11.4,71.9,1020.2,14,17,68.7,-37.814604,144.9702991
440,ICTMicroclimate-09,2024-06-01T18:22:02+00:00,SkyFarm (Jeff's Shed). Rooftop - Melbourne Conference & Exhibition Centre (MCEC),0,301,358,0,0.4,2.4,11.1,66.3,1023.7,3,5,55.8,-37.8223306,144.9521696
441,ICTMicroclimate-06,2024-06-01T18:23:20+00:00,Tram Stop 7B - Melbourne Tennis Centre Precinct - Rod Laver Arena,0,0,90,0,0,0.7,8.1,82.2,1025.1,2,2,51.5,-37.8194993,144.9787211
442,ICTMicroclimate-03,2024-06-01T18:24:49+00:00,CH1 rooftop,0,177,273,0,1.4,2,10.4,76.4,1019.2,2,4,68.6,-37.8140348,144.96728
443,ICTMicroclimate-07,2024-06-01T18:25:05+00:00,Tram Stop 7C - Melbourne Tennis Centre Precinct - Rod Laver Arena,0,0,179,0,0,0.5,8.3,80.9,1026.9,11,15,59.9,-37.8222341,144.9829409
444,ICTMicroclimate-08,2024-06-01T18:29:04+00:00,Swanston St - Tram Stop 13 adjacent Federation Sq & Flinders St Station,0,48,354,0,0.6,2.3,10.4,68.8,1024.7,4,4,67.5,-37.8184515,144.9678474
445,ICTMicroclimate-02,2024-06-01T18:31:17+00:00,101 Collins St L11 Rooftop,0,270,343,0,0.7,1.6,11.3,72.9,1020.1,12,14,87.4,-37.814604,144.9702991
446,ICTMicroclimate-09,2024-06-01T18:37:04+00:00,SkyFarm (Jeff's Shed). Rooftop - Melbourne Conference & Exhibition Centre (MCEC),0,328,359,0,0.5,2.1,10.8,70.3,1023.7,3,5,58.1,-37.8223306,144.9521696
447,ICTMicroclimate-06,2024-06-01T18:38:22+00:00,Tram Stop 7B - Melbourne Tennis Centre Precinct - Rod Laver Arena,0,0,351,0,0,0.8,7.8,82.6,1024.9,2,2,52.9,-37.8194993,144.9787211
448,ICTMicroclimate-03,2024-06-01T18:39:56+00:00,CH1 rooftop,146,172,179,0.8,1.2,1.7,10.4,78.9,1019,3,8,68.7,-37.8140348,144.96728
449,ICTMicroclimate-07,2024-06-01T18:40:06+00:00,Tram Stop 7C - Melbourne Tennis Centre Precinct - Rod Laver Arena,0,0,179,0,0,0.7,8.1,81.3,1026.9,11,15,54.6,-37.8222341,144.9829409
450,ICTMicroclimate-08,2024-06-01T18:44:06+00:00,Swanston St - Tram Stop 13 adjacent Federation Sq & Flinders St Station,0,25,352,0,0.2,1.8,10.3,70.1,1024.7,4,4,61.8,-37.8184515,144.9678474
451,ICTMicroclimate-02,2024-06-01T18:46:19+00:00,101 Collins St L11 Rooftop,0,273,346,0,0.5,1.3,11.3,75.6,1019.9,13,16,68.1,-37.814604,144.9702991
452,ICTMicroclimate-09,2024-06-01T18:52:05+00:00,SkyFarm (Jeff's Shed). Rooftop - Melbourne Conference & Exhibition Centre (MCEC),0,350,355,0,0.3,2.3,10.6,71.7,1023.7,3,5,56.3,-37.8223306,144.9521696
453,ICTMicroclimate-06,2024-06-01T18:53:24+00:00,Tram Stop 7B - Melbourne Tennis Centre Precinct - Rod Laver Arena,0,0,288,0,0,0.6,7.5,84.1,1025.1,2,2,54,-37.8194993,144.9787211
454,ICTMicroclimate-03,2024-06-01T18:54:52+00:00,CH1 rooftop,0,168,202,0,1.1,2.2,10.4,79.7,1019.1,3,7,68.4,-37.8140348,144.96728
455,ICTMicroclimate-07,2024-06-01T18:55:08+00:00,Tram Stop 7C - Melbourne Tennis Centre Precinct - Rod Laver Arena,0,0,90,0,0,0.7,7.7,81.8,1027.1,11,15,56,-37.8222341,144.9829409
456,ICTMicroclimate-08,2024-06-01T18:59:08+00:00,Swanston St - Tram Stop 13 adjacent Federation Sq & Flinders St Station,0,117,347,0,0.6,1.3,9.9,72.6,1024.9,4,4,69.6,-37.8184515,144.9678474
457,ICTMicroclimate-02,2024-06-01T19:01:21+00:00,101 Collins St L11 Rooftop,0,351,310,0,0.3,1,11.4,77.2,1020.1,3,5,68.7,-37.814604,144.9702991
458,ICTMicroclimate-09,2024-06-01T19:07:07+00:00,SkyFarm (Jeff's Shed). Rooftop - Melbourne Conference & Exhibition Centre (MCEC),0,277,355,0,0.7,2.3,10.5,72.8,1023.9,3,5,56.6,-37.8223306,144.9521696
459,ICTMicroclimate-06,2024-06-01T19:08:26+00:00,Tram Stop 7B - Melbourne Tennis Centre Precinct - Rod Laver Arena,0,22,314,0,0.1,0.7,7.2,85,1025.3,2,2,55.7,-37.8194993,144.9787211
460,ICTMicroclimate-03,2024-06-01T19:09:55+00:00,CH1 rooftop,177,192,179,1.3,1.3,1.5,10.6,80.6,1019.4,3,7,68.5,-37.8140348,144.96728
461,ICTMicroclimate-07,2024-06-01T19:10:11+00:00,Tram Stop 7C - Melbourne Tennis Centre Precinct - Rod Laver Arena,0,73,343,0,0.3,0.8,7.4,82.5,1027.3,11,15,54.8,-37.8222341,144.9829409
462,ICTMicroclimate-08,2024-06-01T19:14:16+00:00,Swanston St - Tram Stop 13 adjacent Federation Sq & Flinders St Station,0,16,349,0,0.1,1.6,10.1,73.9,1025.1,4,4,65.1,-37.8184515,144.9678474
463,ICTMicroclimate-02,2024-06-01T19:16:23+00:00,101 Collins St L11 Rooftop,0,345,341,0,0.2,0.9,11.4,78.2,1020.3,3,5,68.5,-37.814604,144.9702991
464,ICTMicroclimate-09,2024-06-01T19:22:09+00:00,SkyFarm (Jeff's Shed). Rooftop - Melbourne Conference & Exhibition Centre (MCEC),0,345,357,0,0.2,2.9,10.5,73.7,1023.9,3,5,56.1,-37.8223306,144.9521696
465,ICTMicroclimate-06,2024-06-01T19:23:28+00:00,Tram Stop 7B - Melbourne Tennis Centre Precinct - Rod Laver Arena,0,0,341,0,0,0.7,7.1,84.9,1025.3,2,2,52.5,-37.8194993,144.9787211
466,ICTMicroclimate-03,2024-06-01T19:24:57+00:00,CH1 rooftop,68,159,191,0.4,1.5,1.8,10.6,82.8,1019.5,3,5,68.2,-37.8140348,144.96728
467,ICTMicroclimate-07,2024-06-01T19:25:13+00:00,Tram Stop 7C - Melbourne Tennis Centre Precinct - Rod Laver Arena,0,0,314,0,0,0.6,7.4,83.8,1027.3,11,15,61.3,-37.8222341,144.9829409
468,ICTMicroclimate-08,2024-06-01T19:29:12+00:00,Swanston St - Tram Stop 13 adjacent Federation Sq & Flinders St Station,0,27,345,0,0.1,1.5,9.7,75.8,1025.1,4,4,57.6,-37.8184515,144.9678474
469,ICTMicroclimate-02,2024-06-01T19:31:25+00:00,101 Collins St L11 Rooftop,0,5,349,0,0.1,0.8,11.4,80,1020.3,3,5,69,-37.814604,144.9702991
470,ICTMicroclimate-09,2024-06-01T19:37:11+00:00,SkyFarm (Jeff's Shed). Rooftop - Melbourne Conference & Exhibition Centre (MCEC),0,1,358,0,0.2,1.8,10.4,74.9,1023.9,3,5,56.5,-37.8223306,144.9521696
471,ICTMicroclimate-06,2024-06-01T19:38:30+00:00,Tram Stop 7B - Melbourne Tennis Centre Precinct - Rod Laver Arena,0,85,347,0,0.4,0.7,7,85.9,1025.3,2,2,55.8,-37.8194993,144.9787211
472,ICTMicroclimate-03,2024-06-01T19:39:59+00:00,CH1 rooftop,179,189,220,0.6,0.9,1.2,10.6,83.5,1019.5,2,4,68.4,-37.8140348,144.96728
473,ICTMicroclimate-07,2024-06-01T19:40:15+00:00,Tram Stop 7C - Melbourne Tennis Centre Precinct - Rod Laver Arena,0,105,314,0,0.5,0.9,7.2,84.1,1027.3,11,15,62,-37.8222341,144.9829409
474,ICTMicroclimate-08,2024-06-01T19:44:14+00:00,Swanston St - Tram Stop 13 adjacent Federation Sq & Flinders St Station,0,149,179,0,1.2,1.8,8.6,79.3,1025.1,4,4,64.4,-37.8184515,144.9678474
475,ICTMicroclimate-02,2024-06-01T19:46:27+00:00,101 Collins St L11 Rooftop,18,295,34,0.3,0.4,0.6,11.4,79,1020.3,5,7,68.5,-37.814604,144.9702991
476,ICTMicroclimate-09,2024-06-01T19:52:13+00:00,SkyFarm (Jeff's Shed). Rooftop - Melbourne Conference & Exhibition Centre (MCEC),0,358,359,0,0.2,1.5,10.4,74.2,1024.1,1,4,56.3,-37.8223306,144.9521696
477,ICTMicroclimate-06,2024-06-01T19:53:32+00:00,Tram Stop 7B - Melbourne Tennis Centre Precinct - Rod Laver Arena,0,64,111,0,0.3,1.1,6.9,85.6,1025.5,2,2,63.2,-37.8194993,144.9787211
478,ICTMicroclimate-03,2024-06-01T19:55:01+00:00,CH1 rooftop,160,187,221,0.5,1.1,2,10.4,82.6,1019.6,2,4,68.5,-37.8140348,144.96728
479,ICTMicroclimate-07,2024-06-01T19:55:16+00:00,Tram Stop 7C - Melbourne Tennis Centre Precinct - Rod Laver Arena,0,43,346,0,0.1,1.2,7.1,84.8,1027.5,11,15,55.2,-37.8222341,144.9829409
480,ICTMicroclimate-08,2024-06-01T19:59:16+00:00,Swanston St - Tram Stop 13 adjacent Federation Sq & Flinders St Station,0,159,179,0,0.8,2.1,8,82.3,1025.5,4,4,61.1,-37.8184515,144.9678474
481,ICTMicroclimate-02,2024-06-01T20:01:28+00:00,101 Collins St L11 Rooftop,0,314,359,0,1.1,1.8,11.1,79,1020.6,6,8,69.7,-37.814604,144.9702991
482,ICTMicroclimate-09,2024-06-01T20:07:15+00:00,SkyFarm (Jeff's Shed). Rooftop - Melbourne Conference & Exhibition Centre (MCEC),0,351,359,0,0.7,1.8,10.4,72.8,1024.1,1,4,57.2,-37.8223306,144.9521696
483,ICTMicroclimate-06,2024-06-01T20:08:34+00:00,Tram Stop 7B - Melbourne Tennis Centre Precinct - Rod Laver Arena,0,88,341,0,0.6,1,6.8,86.8,1025.5,2,2,52.3,-37.8194993,144.9787211
484,ICTMicroclimate-03,2024-06-01T20:10:03+00:00,CH1 rooftop,176,187,207,1,1.4,1.9,9.9,84.3,1019.6,4,7,68.7,-37.8140348,144.96728
485,ICTMicroclimate-07,2024-06-01T20:10:19+00:00,Tram Stop 7C - Melbourne Tennis Centre Precinct - Rod Laver Arena,0,0,314,0,0,1,7.2,84,1027.5,11,15,55.7,-37.8222341,144.9829409
486,ICTMicroclimate-08,2024-06-01T20:14:18+00:00,Swanston St - Tram Stop 13 adjacent Federation Sq & Flinders St Station,0,151,179,0,0.6,1.6,8,82.1,1025.5,4,4,62.4,-37.8184515,144.9678474
487,ICTMicroclimate-02,2024-06-01T20:16:31+00:00,101 Collins St L11 Rooftop,0,348,357,0.3,1.3,2.1,10.9,78.7,1020.5,1,3,70.3,-37.814604,144.9702991
488,ICTMicroclimate-09,2024-06-01T20:22:18+00:00,SkyFarm (Jeff's Shed). Rooftop - Melbourne Conference & Exhibition Centre (MCEC),0,358,359,0,0.4,2.2,10.4,71.8,1024.1,1,4,57.1,-37.8223306,144.9521696
489,ICTMicroclimate-06,2024-06-01T20:23:36+00:00,Tram Stop 7B - Melbourne Tennis Centre Precinct - Rod Laver Arena,0,26,288,0,0.3,0.7,6.4,87.7,1025.7,2,2,55.9,-37.8194993,144.9787211
490,ICTMicroclimate-03,2024-06-01T20:25:05+00:00,CH1 rooftop,83,167,179,0.3,0.7,0.8,9.9,84.1,1019.7,1,3,68.6,-37.8140348,144.96728
491,ICTMicroclimate-07,2024-06-01T20:25:20+00:00,Tram Stop 7C - Melbourne Tennis Centre Precinct - Rod Laver Arena,0,0,314,0,0,2,6.9,85.5,1027.5,11,15,71.7,-37.8222341,144.9829409
492,ICTMicroclimate-08,2024-06-01T20:29:19+00:00,Swanston St - Tram Stop 13 adjacent Federation Sq & Flinders St Station,0,150,179,0,1.1,1.6,7.7,82.1,1025.5,4,4,72.5,-37.8184515,144.9678474
493,ICTMicroclimate-02,2024-06-01T20:31:33+00:00,101 Collins St L11 Rooftop,1,276,352,0.1,1.1,2.7,11.1,77.4,1020.6,1,3,68.6,-37.814604,144.9702991
494,ICTMicroclimate-09,2024-06-01T20:37:19+00:00,SkyFarm (Jeff's Shed). Rooftop - Melbourne Conference & Exhibition Centre (MCEC),0,358,359,0,0.1,1.2,10.4,71.1,1024.3,1,4,58.1,-37.8223306,144.9521696
495,ICTMicroclimate-06,2024-06-01T20:38:38+00:00,Tram Stop 7B - Melbourne Tennis Centre Precinct - Rod Laver Arena,0,80,90,0,0.4,0.9,6.3,88.8,1025.7,2,2,57.9,-37.8194993,144.9787211
496,ICTMicroclimate-03,2024-06-01T20:40:07+00:00,CH1 rooftop,156,171,184,0.4,1,1.2,10.3,81.8,1019.7,3,5,69,-37.8140348,144.96728
497,ICTMicroclimate-07,2024-06-01T20:40:22+00:00,Tram Stop 7C - Melbourne Tennis Centre Precinct - Rod Laver Arena,0,42,314,0,0.1,0.9,6.5,85.7,1027.7,11,15,56.1,-37.8222341,144.9829409
498,ICTMicroclimate-08,2024-06-01T20:44:21+00:00,Swanston St - Tram Stop 13 adjacent Federation Sq & Flinders St Station,0,146,179,0,1.5,2.7,7.3,84,1025.7,4,4,64,-37.8184515,144.9678474
499,ICTMicroclimate-02,2024-06-01T20:46:36+00:00,101 Collins St L11 Rooftop,24,343,24,0.8,0.5,0.8,11.1,76.7,1020.6,1,3,68.6,-37.814604,144.9702991
500,ICTMicroclimate-09,2024-06-01T20:52:22+00:00,SkyFarm (Jeff's Shed). Rooftop - Melbourne Conference & Exhibition Centre (MCEC),0,244,355,0,1,2.7,10.5,69.1,1024.5,1,4,56.5,-37.8223306,144.9521696
501,ICTMicroclimate-06,2024-06-01T20:53:41+00:00,Tram Stop 7B - Melbourne Tennis Centre Precinct - Rod Laver Arena,0,26,100,0,0.1,0.9,6.2,89,1025.9,2,2,55.2,-37.8194993,144.9787211
502,ICTMicroclimate-03,2024-06-01T20:55:09+00:00,CH1 rooftop,179,177,194,0.8,0.8,1.1,10.4,79.6,1019.9,4,6,68.4,-37.8140348,144.96728
503,ICTMicroclimate-07,2024-06-01T20:55:24+00:00,Tram Stop 7C - Melbourne Tennis Centre Precinct - Rod Laver Arena,0,0,314,0,0,0.7,6.4,87.2,1027.9,11,15,56.6,-37.8222341,144.9829409
504,ICTMicroclimate-08,2024-06-01T20:59:26+00:00,Swanston St - Tram Stop 13 adjacent Federation Sq & Flinders St Station,0,146,179,0,1.2,2,7.5,84.2,1025.7,4,4,75.2,-37.8184515,144.9678474
505,ICTMicroclimate-02,2024-06-01T21:01:36+00:00,101 Collins St L11 Rooftop,0,22,353,0,0.2,0.8,11.3,76.4,1020.8,3,5,68.7,-37.814604,144.9702991
506,ICTMicroclimate-09,2024-06-01T21:07:24+00:00,SkyFarm (Jeff's Shed). Rooftop - Melbourne Conference & Exhibition Centre (MCEC),0,302,357,0,0.5,2.6,10.5,70.8,1024.5,1,4,58.2,-37.8223306,144.9521696
507,ICTMicroclimate-06,2024-06-01T21:08:43+00:00,Tram Stop 7B - Melbourne Tennis Centre Precinct - Rod Laver Arena,0,88,108,0,0.5,1.1,6.5,88.6,1026.1,2,2,63.9,-37.8194993,144.9787211
508,ICTMicroclimate-03,2024-06-01T21:10:10+00:00,CH1 rooftop,157,176,179,0.6,1,1.3,10.4,79.5,1020,3,5,68.6,-37.8140348,144.96728
509,ICTMicroclimate-07,2024-06-01T21:10:26+00:00,Tram Stop 7C - Melbourne Tennis Centre Precinct - Rod Laver Arena,0,0,296,0,0,0.8,6.7,87.1,1027.9,11,15,57,-37.8222341,144.9829409
510,ICTMicroclimate-08,2024-06-01T21:14:26+00:00,Swanston St - Tram Stop 13 adjacent Federation Sq & Flinders St Station,131,153,179,0.8,1.2,2.7,7.3,84.6,1025.9,4,4,61.2,-37.8184515,144.9678474
511,ICTMicroclimate-02,2024-06-01T21:16:38+00:00,101 Collins St L11 Rooftop,0,352,354,0,0.4,1.3,11.4,73.3,1020.9,2,6,68.7,-37.814604,144.9702991
512,ICTMicroclimate-09,2024-06-01T21:22:25+00:00,SkyFarm (Jeff's Shed). Rooftop - Melbourne Conference & Exhibition Centre (MCEC),0,4,358,0,0.3,1.8,9.8,72.9,1024.5,1,4,60.2,-37.8223306,144.9521696
513,ICTMicroclimate-06,2024-06-01T21:23:45+00:00,Tram Stop 7B - Melbourne Tennis Centre Precinct - Rod Laver Arena,0,359,344,0,0.1,0.9,7,87.1,1025.9,2,2,56.3,-37.8194993,144.9787211
514,ICTMicroclimate-03,2024-06-01T21:25:13+00:00,CH1 rooftop,0,195,231,0,0.6,1,10.6,77.9,1020,2,4,68.5,-37.8140348,144.96728
515,ICTMicroclimate-07,2024-06-01T21:25:33+00:00,Tram Stop 7C - Melbourne Tennis Centre Precinct - Rod Laver Arena,0,165,306,0,0.3,0.7,7.2,85.4,1027.9,11,15,71.4,-37.8222341,144.9829409
516,ICTMicroclimate-08,2024-06-01T21:29:30+00:00,Swanston St - Tram Stop 13 adjacent Federation Sq & Flinders St Station,126,148,179,0.5,1.3,2.3,7.6,83.5,1025.9,4,4,71.4,-37.8184515,144.9678474
517,ICTMicroclimate-02,2024-06-01T21:31:41+00:00,101 Collins St L11 Rooftop,0,194,314,0,0.5,0.9,11.4,70.9,1020.9,2,4,68.7,-37.814604,144.9702991
518,ICTMicroclimate-09,2024-06-01T21:37:28+00:00,SkyFarm (Jeff's Shed). Rooftop - Melbourne Conference & Exhibition Centre (MCEC),0,327,359,0,0.5,1.7,9.4,75.7,1024.7,1,4,60.4,-37.8223306,144.9521696
519,ICTMicroclimate-06,2024-06-01T21:38:46+00:00,Tram Stop 7B - Melbourne Tennis Centre Precinct - Rod Laver Arena,0,87,314,0,0.7,1,7.5,85.2,1025.9,2,2,56.7,-37.8194993,144.9787211
520,ICTMicroclimate-03,2024-06-01T21:40:15+00:00,CH1 rooftop,0,358,353,0.4,0.4,0.7,10.8,77.7,1020,6,9,68.5,-37.8140348,144.96728
521,ICTMicroclimate-07,2024-06-01T21:40:31+00:00,Tram Stop 7C - Melbourne Tennis Centre Precinct - Rod Laver Arena,0,95,345,0,0.4,1.6,7.7,83.6,1027.9,11,15,63.5,-37.8222341,144.9829409
522,ICTMicroclimate-08,2024-06-01T21:44:33+00:00,Swanston St - Tram Stop 13 adjacent Federation Sq & Flinders St Station,45,158,213,0.1,0.8,1.7,7.9,83.5,1025.9,4,4,67.2,-37.8184515,144.9678474
523,ICTMicroclimate-02,2024-06-01T21:46:43+00:00,101 Collins St L11 Rooftop,0,319,358,0,0.2,0.6,11.4,71.5,1020.9,3,6,69.1,-37.814604,144.9702991
524,ICTMicroclimate-09,2024-06-01T21:52:29+00:00,SkyFarm (Jeff's Shed). Rooftop - Melbourne Conference & Exhibition Centre (MCEC),0,357,359,0,0.3,1.7,9.3,76.2,1024.7,1,4,59.2,-37.8223306,144.9521696
525,ICTMicroclimate-06,2024-06-01T21:53:48+00:00,Tram Stop 7B - Melbourne Tennis Centre Precinct - Rod Laver Arena,0,0,347,0,0,1.3,7.9,83.8,1025.9,2,2,56.6,-37.8194993,144.9787211
526,ICTMicroclimate-03,2024-06-01T21:55:17+00:00,CH1 rooftop,0,191,314,0,0.5,0.7,10.4,78.4,1020.1,4,7,68.4,-37.8140348,144.96728
527,ICTMicroclimate-07,2024-06-01T21:55:33+00:00,Tram Stop 7C - Melbourne Tennis Centre Precinct - Rod Laver Arena,0,0,341,0,0,2.2,8,82.6,1027.9,11,15,67.9,-37.8222341,144.9829409
528,ICTMicroclimate-08,2024-06-01T21:59:35+00:00,Swanston St - Tram Stop 13 adjacent Federation Sq & Flinders St Station,0,160,191,0,0.6,1.8,8.4,81.5,1025.9,4,4,64.8,-37.8184515,144.9678474
529,ICTMicroclimate-02,2024-06-01T22:01:44+00:00,101 Collins St L11 Rooftop,0,41,341,0,0.2,0.9,11.3,72.5,1021,3,5,69,-37.814604,144.9702991
530,ICTMicroclimate-09,2024-06-01T22:07:31+00:00,SkyFarm (Jeff's Shed). Rooftop - Melbourne Conference & Exhibition Centre (MCEC),0,333,359,0,0.5,2.3,9.4,76.8,1024.7,1,4,58.7,-37.8223306,144.9521696
531,ICTMicroclimate-06,2024-06-01T22:08:51+00:00,Tram Stop 7B - Melbourne Tennis Centre Precinct - Rod Laver Arena,0,42,346,0,0.2,1.5,8.3,82.6,1025.9,2,2,55.3,-37.8194993,144.9787211
532,ICTMicroclimate-03,2024-06-01T22:10:19+00:00,CH1 rooftop,0,0,269,0,0,0.2,10.6,76.5,1020.1,3,5,69.3,-37.8140348,144.96728
533,ICTMicroclimate-07,2024-06-01T22:10:34+00:00,Tram Stop 7C - Melbourne Tennis Centre Precinct - Rod Laver Arena,0,0,354,0,0,1,8.4,81.3,1027.9,11,15,58.9,-37.8222341,144.9829409
534,ICTMicroclimate-08,2024-06-01T22:14:39+00:00,Swanston St - Tram Stop 13 adjacent Federation Sq & Flinders St Station,0,147,215,0,0.5,1.7,8.5,81,1025.9,4,4,61.1,-37.8184515,144.9678474
535,ICTMicroclimate-02,2024-06-01T22:16:47+00:00,101 Collins St L11 Rooftop,0,329,292,0.1,0.2,0.6,11.4,70.1,1021,1,3,69.1,-37.814604,144.9702991
536,ICTMicroclimate-09,2024-06-01T22:22:34+00:00,SkyFarm (Jeff's Shed). Rooftop - Melbourne Conference & Exhibition Centre (MCEC),0,358,359,0,0.4,1.9,9.4,78.1,1024.7,1,4,59.6,-37.8223306,144.9521696
537,ICTMicroclimate-06,2024-06-01T22:23:52+00:00,Tram Stop 7B - Melbourne Tennis Centre Precinct - Rod Laver Arena,0,0,349,0,0,1.2,8.8,81.7,1025.9,2,2,55.1,-37.8194993,144.9787211
538,ICTMicroclimate-03,2024-06-01T22:25:21+00:00,CH1 rooftop,251,276,288,0.2,0.3,0.5,10.6,79,1020.2,8,10,69,-37.8140348,144.96728
539,ICTMicroclimate-07,2024-06-01T22:25:37+00:00,Tram Stop 7C - Melbourne Tennis Centre Precinct - Rod Laver Arena,0,0,344,0,0,1.2,8.9,79.6,1027.9,11,15,61.9,-37.8222341,144.9829409
540,ICTMicroclimate-08,2024-06-01T22:29:40+00:00,Swanston St - Tram Stop 13 adjacent Federation Sq & Flinders St Station,0,149,314,0,0.7,1.6,9,78.9,1025.7,4,4,67.7,-37.8184515,144.9678474
541,ICTMicroclimate-02,2024-06-01T22:31:49+00:00,101 Collins St L11 Rooftop,0,329,341,0,0.2,1.5,11.4,73.6,1020.9,6,11,69.2,-37.814604,144.9702991
542,ICTMicroclimate-09,2024-06-01T22:37:35+00:00,SkyFarm (Jeff's Shed). Rooftop - Melbourne Conference & Exhibition Centre (MCEC),0,16,359,0,0.3,1.7,9.6,78.2,1024.7,1,4,59.1,-37.8223306,144.9521696
543,ICTMicroclimate-06,2024-06-01T22:38:54+00:00,Tram Stop 7B - Melbourne Tennis Centre Precinct - Rod Laver Arena,0,74,349,0,0.4,1.4,9.4,79.1,1025.7,2,2,53.7,-37.8194993,144.9787211
544,ICTMicroclimate-03,2024-06-01T22:40:22+00:00,CH1 rooftop,158,184,223,0.4,0.9,1.4,10.8,78.9,1020.1,11,14,69.2,-37.8140348,144.96728
545,ICTMicroclimate-07,2024-06-01T22:40:38+00:00,Tram Stop 7C - Melbourne Tennis Centre Precinct - Rod Laver Arena,0,47,356,0,0.1,1.5,9.3,78.6,1027.7,11,15,65,-37.8222341,144.9829409
546,ICTMicroclimate-08,2024-06-01T22:44:38+00:00,Swanston St - Tram Stop 13 adjacent Federation Sq & Flinders St Station,0,178,314,0,0.6,1.5,9.4,78.5,1025.7,4,4,64.5,-37.8184515,144.9678474
547,ICTMicroclimate-02,2024-06-01T22:46:51+00:00,101 Collins St L11 Rooftop,0,357,341,0,0.1,0.8,11.4,74.6,1020.9,8,10,68.8,-37.814604,144.9702991
548,ICTMicroclimate-09,2024-06-01T22:52:37+00:00,SkyFarm (Jeff's Shed). Rooftop - Melbourne Conference & Exhibition Centre (MCEC),0,322,358,0,0.5,2.2,10,78.1,1024.7,1,4,59,-37.8223306,144.9521696
549,ICTMicroclimate-06,2024-06-01T22:53:56+00:00,Tram Stop 7B - Melbourne Tennis Centre Precinct - Rod Laver Arena,0,0,343,0,0,1,10.2,77.6,1025.7,2,2,59.9,-37.8194993,144.9787211
550,ICTMicroclimate-03,2024-06-01T22:55:24+00:00,CH1 rooftop,179,179,179,0.6,0.9,1.1,10.8,79.3,1020.1,9,11,68.9,-37.8140348,144.96728
551,ICTMicroclimate-07,2024-06-01T22:55:41+00:00,Tram Stop 7C - Melbourne Tennis Centre Precinct - Rod Laver Arena,0,0,357,0,0,1.1,9.7,78.1,1027.9,11,15,68.7,-37.8222341,144.9829409
552,ICTMicroclimate-08,2024-06-01T22:59:41+00:00,Swanston St - Tram Stop 13 adjacent Federation Sq & Flinders St Station,0,299,355,0,0.7,1.6,10.1,77.1,1025.9,4,4,61.3,-37.8184515,144.9678474
553,ICTMicroclimate-02,2024-06-01T23:01:53+00:00,101 Collins St L11 Rooftop,0,351,346,0,0.1,0.8,11.6,75.6,1021.2,6,8,68.8,-37.814604,144.9702991
554,ICTMicroclimate-09,2024-06-01T23:07:40+00:00,SkyFarm (Jeff's Shed). Rooftop - Melbourne Conference & Exhibition Centre (MCEC),0,332,359,0,0.3,2,10.1,78.3,1024.9,1,4,61.7,-37.8223306,144.9521696
555,ICTMicroclimate-06,2024-06-01T23:08:58+00:00,Tram Stop 7B - Melbourne Tennis Centre Precinct - Rod Laver Arena,0,0,357,0,0,3,10.9,74.5,1025.9,2,2,59.8,-37.8194993,144.9787211
556,ICTMicroclimate-03,2024-06-01T23:10:27+00:00,CH1 rooftop,0,3,179,0,0.1,0.4,11.1,79.4,1020.3,9,11,68.6,-37.8140348,144.96728
557,ICTMicroclimate-07,2024-06-01T23:10:42+00:00,Tram Stop 7C - Melbourne Tennis Centre Precinct - Rod Laver Arena,0,0,354,0,0,1.5,10.3,76.6,1027.9,11,15,61.3,-37.8222341,144.9829409
558,ICTMicroclimate-08,2024-06-01T23:14:43+00:00,Swanston St - Tram Stop 13 adjacent Federation Sq & Flinders St Station,0,253,355,0,0.4,1.7,11,73.8,1025.9,4,4,70.1,-37.8184515,144.9678474
559,ICTMicroclimate-02,2024-06-01T23:16:54+00:00,101 Collins St L11 Rooftop,0,337,332,0,0.3,0.7,11.9,74.8,1021.2,4,6,69.2,-37.814604,144.9702991
560,ICTMicroclimate-09,2024-06-01T23:22:42+00:00,SkyFarm (Jeff's Shed). Rooftop - Melbourne Conference & Exhibition Centre (MCEC),0,347,359,0,0.3,2.4,10.5,77.3,1024.7,1,4,62.2,-37.8223306,144.9521696
561,ICTMicroclimate-06,2024-06-01T23:24:00+00:00,Tram Stop 7B - Melbourne Tennis Centre Precinct - Rod Laver Arena,0,0,358,0,0,1.9,11.5,73.2,1025.9,2,2,59.3,-37.8194993,144.9787211
562,ICTMicroclimate-03,2024-06-01T23:25:28+00:00,CH1 rooftop,0,267,269,0,0.3,0.7,11.3,80.3,1020.3,9,11,68.8,-37.8140348,144.96728
563,ICTMicroclimate-07,2024-06-01T23:25:45+00:00,Tram Stop 7C - Melbourne Tennis Centre Precinct - Rod Laver Arena,0,180,352,0,0.7,1.8,11,73.9,1027.9,11,15,65.7,-37.8222341,144.9829409
564,ICTMicroclimate-08,2024-06-01T23:29:45+00:00,Swanston St - Tram Stop 13 adjacent Federation Sq & Flinders St Station,0,292,352,0,0.2,1.9,11.4,73,1025.9,4,4,72.1,-37.8184515,144.9678474
565,ICTMicroclimate-02,2024-06-01T23:31:56+00:00,101 Collins St L11 Rooftop,0,300,355,0,0.6,1.4,12.1,74.2,1021.1,4,9,68.9,-37.814604,144.9702991
566,ICTMicroclimate-09,2024-06-01T23:37:44+00:00,SkyFarm (Jeff's Shed). Rooftop - Melbourne Conference & Exhibition Centre (MCEC),0,330,359,0,0.3,2.2,10.8,77.2,1024.7,1,4,60.3,-37.8223306,144.9521696
567,ICTMicroclimate-06,2024-06-01T23:39:03+00:00,Tram Stop 7B - Melbourne Tennis Centre Precinct - Rod Laver Arena,0,0,354,0,0,2.2,12.1,71,1025.7,2,2,56.1,-37.8194993,144.9787211
568,ICTMicroclimate-03,2024-06-01T23:40:31+00:00,CH1 rooftop,0,185,276,0,0.3,0.7,11.7,77.7,1020.2,6,9,69.6,-37.8140348,144.96728
569,ICTMicroclimate-07,2024-06-01T23:40:47+00:00,Tram Stop 7C - Melbourne Tennis Centre Precinct - Rod Laver Arena,0,42,349,0,0.2,1,11.8,72.4,1027.7,11,15,78.4,-37.8222341,144.9829409
570,ICTMicroclimate-08,2024-06-01T23:44:48+00:00,Swanston St - Tram Stop 13 adjacent Federation Sq & Flinders St Station,0,16,352,0,0.2,1.5,12.1,70.4,1025.9,4,4,69.5,-37.8184515,144.9678474
571,ICTMicroclimate-02,2024-06-01T23:46:59+00:00,101 Collins St L11 Rooftop,0,321,352,0,0.4,1.4,12.3,73.8,1021.2,3,5,69.2,-37.814604,144.9702991
572,ICTMicroclimate-09,2024-06-01T23:52:46+00:00,SkyFarm (Jeff's Shed). Rooftop - Melbourne Conference & Exhibition Centre (MCEC),0,2,359,0,0.5,2,11.2,76,1024.7,1,4,59.1,-37.8223306,144.9521696
573,ICTMicroclimate-06,2024-06-01T23:54:05+00:00,Tram Stop 7B - Melbourne Tennis Centre Precinct - Rod Laver Arena,0,274,355,0,0.3,3.2,12.7,68.9,1025.9,2,2,55.3,-37.8194993,144.9787211
574,ICTMicroclimate-03,2024-06-01T23:55:34+00:00,CH1 rooftop,152,163,152,1.2,0.5,1.2,12.1,75.2,1020.3,4,6,69.6,-37.8140348,144.96728
575,ICTMicroclimate-07,2024-06-01T23:55:48+00:00,Tram Stop 7C - Melbourne Tennis Centre Precinct - Rod Laver Arena,0,338,359,0,0.1,1.7,12.5,70.1,1027.7,11,15,60.3,-37.8222341,144.9829409
576,ICTMicroclimate-08,2024-06-01T23:59:50+00:00,Swanston St - Tram Stop 13 adjacent Federation Sq & Flinders St Station,0,297,354,0,0.3,1.8,12.4,68.6,1025.9,4,4,71.4,-37.8184515,144.9678474
